{
  "model": "doom:gun/bfg9000_geo",
  "texture": "doom:gun/uv/bfg9k",
  "lod": {
    "model": "doom:gun/lod/bfg9k_lod",
    "texture": "doom:gun/lod/bfg9k_lod"
  },
  "hud": "doom:gun/hud/bfg9000_hud",
  "slot": "doom:gun/slot/bfg9000_slot",
  "animation": "doom:bfg9k",
  "use_default_animation": "rifle",
  "third_person_animation": "default",
  "ammo_count_style": "percent",
  "transform": {
    "scale": {
      "thirdperson": [0.9, 0.9, 0.9],
      "ground": [0.9, 0.9, 0.9],
      "fixed": [1.4, 1.4, 1.4]
    }
  },
 
  "sounds": {
    "shoot": "doom:bfg9k/bfg9k_fire_v3",
    "shoot_3p": "doom:bfg9k/bfg9k_fire_v3"
  },
  "offhand_show": {
    "pos": [1, 19, 4],
    "rotate": [0, 0, 50],
    "scale": [0.5, 0.5, 0.5]
  
  },
  "hotbar_show": {
    "0": {
      "pos": [-4, 24, 3],
      "rotate": [-90, -5, -90],
      "scale": [0.5, 0.5, 0.5]
    }
  }
}