{"stats":{"minecraft:custom":{"minecraft:interact_with_crafting_table":175,"minecraft:open_barrel":231,"minecraft:bell_ring":69,"minecraft:leave_game":11,"minecraft:time_since_death":35649,"minecraft:damage_blocked_by_shield":553,"minecraft:play_time":1295053,"minecraft:deaths":18,"minecraft:jump":3500,"minecraft:interact_with_furnace":125,"minecraft:sleep_in_bed":26,"minecraft:damage_dealt":16410,"minecraft:interact_with_smoker":1,"minecraft:interact_with_smithing_table":1,"minecraft:sneak_time":79971,"minecraft:interact_with_blast_furnace":24,"minecraft:total_world_time":1295053,"minecraft:interact_with_stonecutter":1,"minecraft:time_since_rest":35684,"minecraft:swim_one_cm":9147,"minecraft:freezer_opened":7,"minecraft:fly_one_cm":239730,"minecraft:open_chest":953,"minecraft:fall_one_cm":40203,"minecraft:open_shulker_box":60,"minecraft:sprint_one_cm":753230,"minecraft:drop":97,"minecraft:talked_to_villager":11,"minecraft:walk_on_water_one_cm":9029,"minecraft:interact_with_loom":1,"minecraft:open_enderchest":22,"minecraft:player_kills":2,"minecraft:crouch_one_cm":139779,"minecraft:mob_kills":66,"minecraft:damage_dealt_resisted":12,"minecraft:climb_one_cm":124255,"minecraft:walk_one_cm":4002500,"minecraft:walk_under_water_one_cm":10914,"minecraft:boat_one_cm":242281,"minecraft:damage_taken":4800,"minecraft:damage_absorbed":722},"minecraft:killed_by":{"zombie_island:runner_1":2,"minecraft:zombie":5,"zombie_island:walker_4":1,"minecraft:player":6,"apocalypsenow:runner_53":1,"apocalypsenow:walker_33":1},"minecraft:picked_up":{"minecraft:flower_pot":9,"mekanism:raw_uranium":1,"minecraft:stone_slab":4,"create:wrench":1,"minecraft:wither_rose":4,"minecraft:enchanted_book":2,"minecraft:polished_deepslate":1,"zombie_extreme:decomposing_backpack":1,"minecraft:music_disc_cat":1,"minecraft:string":36,"zombie_extreme:chips":1,"immersive_weathering:weathered_iron_bars":1,"minecraft:beetroot":6,"minecraft:spruce_planks":12,"minecraft:melon_slice":31,"minecraft:coal_block":6,"minecraft:composter":2,"create:andesite_casing":4,"minecraft:lightning_rod":9,"apocalypsenow:glassbottle":3,"minecraft:green_terracotta":117,"mekanism:raw_tin":31,"minecraft:cauldron":2,"apocalypsenow:aabattery":4,"immersive_weathering:oak_bark":3,"minecraft:stone_sword":7,"minecraft:light_gray_bed":12,"farmersdelight:onion":6,"extinction:rusty_axe":1,"zombiekit:forest_riot_chestplate":1,"minecraft:cyan_terracotta":1,"lrarmor:scout_chestplate":3,"minecraft:end_rod":5,"minecraft:iron_bars":69,"zombiekit:gas_tank":1,"minecraft:birch_log":13,"minecraft:polished_diorite_slab":9,"minecraft:feather":4,"minecraft:birch_slab":2,"minecraft:iron_door":10,"minecraft:water_bucket":3,"minecraft:jungle_log":312,"minecraft:flint":88,"lrarmor:fbi_armed_chestplate":2,"zombie_extreme:cat_food":1,"zombiekit:rake":4,"immersive_weathering:exposed_iron_door":2,"immersive_weathering:weeds":1,"apocalypsenow:human_flesh":40,"blocksyouneed_luna:labrat_plexiglass":5,"create:shaft":1,"apocalypsenow:army_boots":1,"minecraft:moss_block":1,"immersive_weathering:exposed_iron_trapdoor":6,"zombie_extreme:military_cargo":6,"apocalypsenow:canned_carrot":1,"zombie_extreme:syringe_drug":1,"apocalypsenow:broken_military_radio":1,"apocalypsenow:toiletpaper":1,"legendarysurvivaloverhaul:purified_water_bottle":4,"extinction:apocalyptic_costume_leggings":1,"mekanismtools:stone_paxel":17,"blocksyouneed_luna:achoria":1,"minecraft:barrel":4,"minecraft:polished_andesite":3,"minecraft:dispenser":1,"apocalypsenow:files":4,"minecraft:lever":11,"minecraft:granite":1754,"minecraft:bread":3,"minecraft:bricks":15,"minecraft:crimson_roots":1,"minecraft:diamond_pickaxe":3,"minecraft:mud":1,"minecraft:crafting_table":12,"blocksyouneed_luna:moonstone_uc":13,"minecraft:nether_wart":15,"zombie_extreme:raw_tin":17,"minecraft:crimson_trapdoor":6,"minecraft:jungle_trapdoor":1,"minecraft:flint_and_steel":2,"minecraft:compass":1,"tacz:ammo":242,"minecraft:cracked_stone_bricks":15,"create:haunted_bell":23,"minecraft:jungle_sapling":34,"minecraft:poppy":3,"minecraft:spruce_slab":7,"minecraft:chest":13,"minecraft:quartz_stairs":2,"minecraft:birch_sapling":5,"zombie_extreme:ignotsteel":1,"create:polished_rose_quartz":2,"apocalypsenow:broken_radio":1,"minecraft:oak_door":5,"minecraft:glow_item_frame":1,"extinction:pipe":5,"minecraft:spruce_fence":13,"zombie_extreme:dog_food":2,"farmersdelight:tomato_seeds":2,"zombie_extreme:canned_stew":1,"minecraft:carrot":13,"minecraft:redstone":41,"create:brass_casing":7,"minecraft:stone_shovel":5,"minecraft:beetroot_seeds":17,"apocalypsenow:scrapmetal":9,"minecraft:hay_block":4,"create:depot":1,"minecraft:gold_ingot":1,"blocksyouneed_luna:shale_chunk":84,"minecraft:glow_berries":19,"minecraft:rail":6,"biomesoplenty:orange_sand":3,"zombiekit:fire_axe":1,"zombie_extreme:frying_pan":1,"biomesoplenty:white_sand":4,"minecraft:tripwire_hook":1,"mekanism:raw_lead":7,"minecraft:filled_map":1,"minecraft:brown_concrete":5,"minecraft:oak_log":119,"minecraft:lily_pad":21,"zombiekit:flare_gun":1,"minecraft:paper":17,"zombie_extreme:raw_steel":31,"zombie_extreme:raw_lead":8,"apocalypsenow:watch":3,"minecraft:apple":9,"minecraft:stone_bricks":20,"minecraft:spore_blossom":2,"apocalypsenow:money":9,"zombie_extreme:barbed_fence":21,"minecraft:stone_pickaxe":4,"minecraft:cobweb":5,"zombie_extreme:vending_machine":3,"minecraft:glass_bottle":10,"minecraft:flowering_azalea":3,"minecraft:polished_andesite_stairs":1,"minecraft:sweet_berries":58,"minecraft:daylight_detector":2,"minecraft:red_wool":35,"minecraft:gravel":591,"minecraft:birch_stairs":2,"minecraft:spruce_sapling":2,"minecraft:spruce_log":19,"minecraft:waxed_exposed_cut_copper_stairs":1,"create:gearbox":1,"create:millstone":1,"minecraft:slime_ball":18,"minecraft:stone_axe":7,"minecraft:polished_diorite":49,"tacz:modern_kinetic_gun":10,"minecraft:warped_roots":1,"minecraft:baked_potato":1,"projectvibrantjourneys:orange_bark_mushroom":1,"minecraft:hopper":11,"zombie_extreme:wooden_barricades":25,"minecraft:wheat":104,"biomesoplenty:burning_blossom":7,"minecraft:black_carpet":31,"zombie_extreme:black_ops_cargo":1,"minecraft:iron_trapdoor":34,"minecraft:light_gray_shulker_box":5,"apocalypsenow:coins":16,"minecraft:potion":2,"horror_element_mod:blood_1":2,"minecraft:nether_brick":12,"minecraft:lapis_block":1,"minecraft:raw_copper":79,"minecraft:smooth_stone_slab":39,"horror_element_mod:blood_3":1,"minecraft:zombie_head":2,"minecraft:sea_pickle":4,"minecraft:smooth_stone":8,"projectvibrantjourneys:jungle_hollow_log":2,"minecraft:red_sand":5,"minecraft:bucket":1,"minecraft:redstone_torch":9,"minecraft:furnace":2,"minecraft:blue_wool":25,"minecraft:stick":267,"create:mechanical_mixer":1,"minecraft:oak_fence":4,"apocalypsenow:electrical_scrap":6,"minecraft:torch":168,"apocalypsenow:antibiotics":1,"zombie_extreme:combat_armor_leggings":2,"minecraft:diorite":104,"minecraft:dirt_path":2,"zombie_island:scrap":3,"create:large_cogwheel":2,"minecraft:andesite_wall":1,"minecraft:quartz_block":266,"minecraft:rotten_flesh":100,"minecraft:green_wool":35,"blocksyouneed_luna:aquatrine":8,"minecraft:cobblestone":1587,"minecraft:andesite":85,"legendarysurvivaloverhaul:large_canteen":2,"minecraft:potato":13,"blocksyouneed_luna:sodalite_metal_crossform":28,"create:raw_zinc":21,"minecraft:tuff":3,"minecraft:smooth_sandstone_stairs":4,"minecraft:lapis_lazuli":91,"minecraft:dirt":644,"minecraft:polished_granite":5,"minecraft:bone":3,"minecraft:wheat_seeds":228,"farmersdelight:sweet_berry_cookie":10,"zombie_extreme:shelf":2,"minecraft:mossy_stone_bricks":5,"minecraft:bamboo":1,"zombie_extreme:metal_fence":1,"minecraft:stone_hoe":2,"minecraft:oak_planks":112,"biomesoplenty:toadstool":1,"zombiekit:standard_tactical_boots":2,"zombie_extreme:night_vision_glasses_helmet":5,"create:cogwheel":7,"minecraft:oak_pressure_plate":2,"minecraft:jungle_planks":10,"minecraft:sand":307,"minecraft:dead_bush":4,"minecraft:mossy_cobblestone":1,"horror_element_mod:blood_2":1,"minecraft:diamond":2,"minecraft:polished_blackstone_button":2,"minecraft:bone_meal":26,"minecraft:emerald":3,"apocalypsenow:dead_cockroach":1,"minecraft:oak_sapling":82,"minecraft:netherrack":5,"marbledsarsenal:riot_armor_boots":10,"minecraft:charcoal":30,"minecraft:cocoa_beans":30,"minecraft:allium":4,"apocalypsenow:comic_book":9,"minecraft:azure_bluet":3,"minecraft:splash_potion":1,"minecraft:ladder":11,"blocksyouneed_luna:sodalite":27,"immersive_weathering:exposed_iron_bars":85,"minecraft:gold_block":1,"minecraft:brick":2,"pfm:birch_herringbone_planks":1,"minecraft:oak_trapdoor":1,"extinction:riot_shieldii":4,"minecraft:stone_stairs":11,"minecraft:wooden_sword":1,"minecraft:quartz_slab":1,"minecraft:item_frame":1,"minecraft:andesite_stairs":8,"apocalypsenow:canned_beans":5,"minecraft:oak_boat":1,"apocalypsenow:can":3,"create:basin":2,"minecraft:observer":2,"minecraft:sugar_cane":41,"legendarysurvivaloverhaul:healing_herbs":25,"minecraft:spruce_trapdoor":1,"minecraft:raw_iron":29,"create:golden_sheet":1,"projectvibrantjourneys:bark_mushroom":4,"minecraft:bowl":2,"minecraft:quartz_pillar":6,"minecraft:stone_button":1,"minecraft:cookie":4,"minecraft:stone_pressure_plate":5,"minecraft:smooth_sandstone_slab":20,"extinction:tactical_tomahawk":1,"legendarysurvivaloverhaul:bandage":8,"zombie_extreme:cash_register":1,"minecraft:pink_tulip":1,"minecraft:saddle":2,"minecraft:skeleton_skull":2,"extinction:bottle_water":8,"mcrowners_flashlight:battery":1,"zombiekit:crowbar":2,"minecraft:crimson_fungus":1,"blocksyouneed_luna:sodalite_mend_brace":42,"lrarmor:fbi_chestplate":2,"create:blaze_burner":1,"minecraft:gunpowder":3,"minecraft:cobblestone_stairs":6,"minecraft:iron_ingot":4,"zombie_extreme:medicine_box":2,"lrarmor:chemical_protective_boots":1,"minecraft:book":11,"projectvibrantjourneys:light_brown_bark_mushroom":3,"minecraft:oak_slab":5,"minecraft:warped_fungus":1,"create:large_water_wheel":1,"zombie_extreme:trader_table":1,"minecraft:quartz":42,"minecraft:lava_bucket":1,"apocalypsenow:homemadeantibiotics":3,"minecraft:green_carpet":17,"minecraft:brick_slab":8,"blocksyouneed_luna:slime_achoria":20,"apocalypsenow:papertrash":5,"blocksyouneed_luna:bitumen":4,"horror_element_mod:broken_light":3,"minecraft:red_concrete":1,"minecraft:coal":221},"minecraft:broken":{"mekanismtools:stone_paxel":8,"zombiekit:studded_baseball_bat":1,"minecraft:stone_sword":1,"minecraft:stone_pickaxe":15,"minecraft:stone_axe":3,"minecraft:stone_shovel":6},"minecraft:crafted":{"minecraft:oak_pressure_plate":3,"apocalypsenow:wine":3,"minecraft:birch_slab":54,"minecraft:glass":50,"minecraft:melon_seeds":9,"apocalypsenow:papertrash":2,"mekanism:ingot_tin":15,"minecraft:glass_bottle":15,"apocalypsenow:needle":1,"blocksyouneed_luna:sodalite_mend":26,"apocalypsenow:canned_carrot":1,"blocksyouneed_luna:sodalite_metal_crossform":24,"minecraft:copper_ingot":67,"zombie_extreme:combat_armor_boots":1,"blocksyouneed_luna:moonstone":12,"minecraft:iron_pickaxe":1,"legendarysurvivaloverhaul:purified_water_bottle":28,"minecraft:gold_ingot":1,"minecraft:composter":1,"minecraft:stone_shovel":15,"minecraft:iron_nugget":9,"minecraft:bone_meal":3,"minecraft:polished_diorite":16,"minecraft:spruce_slab":6,"apocalypsenow:magazine":1,"minecraft:stone_pickaxe":26,"minecraft:wheat":90,"apocalypsenow:open_canned_beans":1,"apocalypsenow:textilethread":9,"apocalypsenow:cooked_human_flesh":4,"minecraft:wooden_axe":2,"apocalypsenow:polyester":4,"apocalypsenow:can_opener":1,"zombie_extreme:steel_blade":1,"minecraft:oak_planks":214,"minecraft:barrel":1,"minecraft:cobblestone_stairs":28,"minecraft:chest":27,"apocalypsenow:plastic":3,"minecraft:stone_hoe":1,"apocalypsenow:polyesterthread":8,"minecraft:oak_fence":3,"minecraft:polished_diorite_slab":6,"minecraft:item_frame":2,"minecraft:oak_slab":36,"zombie_extreme:ignotlead":8,"minecraft:crafting_table":15,"minecraft:spruce_planks":19,"minecraft:wooden_pickaxe":2,"zombie_extreme:steel_plate":2,"minecraft:birch_planks":33,"mekanismtools:stone_paxel":9,"apocalypsenow:newspaper":1,"zombie_extreme:lead_plate":2,"blocksyouneed_luna:labrat_plexiglass":8,"minecraft:charcoal":9,"minecraft:birch_fence":3,"minecraft:stick":136,"minecraft:iron_ingot":15,"minecraft:stone_sword":4,"minecraft:oak_door":6,"minecraft:coal":2,"zombie_extreme:ignotsteel":20,"minecraft:furnace":1,"minecraft:jungle_trapdoor":10,"minecraft:oak_trapdoor":6,"zombie_extreme:ignot_tin":4,"minecraft:stone_axe":23,"farmersdelight:sweet_berry_cookie":80,"minecraft:jungle_planks":77,"minecraft:bread":22,"minecraft:air":1052,"zombie_extreme:combat_armor_leggings":1,"minecraft:oak_boat":3,"blocksyouneed_luna:sodalite_mend_brace":20,"apocalypsenow:money":5,"minecraft:torch":89,"create:zinc_ingot":21,"minecraft:lapis_lazuli":9,"minecraft:lapis_block":7},"minecraft:used":{"minecraft:beetroot":1,"minecraft:poppy":3,"minecraft:spruce_slab":7,"minecraft:ladder":2,"minecraft:chest":31,"minecraft:brown_concrete":5,"minecraft:quartz_stairs":1,"create:depot":4,"minecraft:azure_bluet":3,"minecraft:jungle_sapling":2,"minecraft:quartz_pillar":6,"minecraft:birch_sapling":11,"minecraft:polished_andesite_stairs":1,"minecraft:quartz_block":11,"create:shaft":49,"minecraft:sweet_berries":22,"minecraft:oak_sapling":117,"minecraft:furnace":3,"extinction:pipe":47,"minecraft:potato":27,"horror_element_mod:blood_1":2,"minecraft:mossy_stone_bricks":1,"projectvibrantjourneys:light_brown_bark_mushroom":1,"minecraft:diorite":9,"zombie_extreme:vending_machine":2,"minecraft:wooden_pickaxe":7,"minecraft:composter":3,"minecraft:cookie":1,"minecraft:glow_berries":4,"zombie_extreme:crowbar":6,"extinction:axe_1":164,"zombiekit:gas_tank":1,"horror_element_mod:blood_2":1,"zombie_extreme:black_ops_cargo":1,"minecraft:birch_fence":3,"minecraft:zombie_head":2,"minecraft:birch_slab":55,"minecraft:stone_button":1,"farmersdelight:wild_potatoes":2,"minecraft:polished_granite":8,"minecraft:oak_pressure_plate":3,"minecraft:lilac":1,"create:basin":3,"minecraft:oak_boat":2,"horror_element_mod:blood_3":1,"minecraft:oak_trapdoor":8,"zombie_extreme:barbed_fence":17,"minecraft:iron_bars":1,"minecraft:stone_sword":212,"minecraft:red_concrete":1,"zombie_extreme:wooden_barricades":23,"minecraft:torch":379,"minecraft:light_gray_shulker_box":5,"minecraft:jungle_trapdoor":11,"blocksyouneed_luna:labrat_plexiglass":13,"minecraft:polished_diorite":106,"minecraft:flowering_azalea":1,"create:wrench":443,"create:gearbox":9,"immersive_weathering:weathered_iron_bars":1,"zombie_extreme:medicine_box":2,"minecraft:barrel":4,"zombie_extreme:canned_stew":1,"minecraft:iron_trapdoor":14,"create:belt_connector":14,"minecraft:wheat_seeds":434,"minecraft:water_bucket":4,"zombiekit:studded_baseball_bat":57,"minecraft:dirt_path":1,"minecraft:smooth_sandstone_slab":1,"blocksyouneed_luna:sodalite":1,"mekanismtools:stone_paxel":2655,"create:blaze_burner":2,"minecraft:cracked_stone_bricks":7,"minecraft:mossy_cobblestone":1,"create:encased_fan":15,"minecraft:oak_slab":29,"minecraft:crafting_table":25,"minecraft:crimson_trapdoor":6,"minecraft:mud":1,"minecraft:diamond_pickaxe":172,"minecraft:cornflower":1,"minecraft:iron_pickaxe":133,"blocksyouneed_luna:sodalite_metal_crossform":52,"minecraft:green_carpet":17,"minecraft:cobblestone":587,"minecraft:andesite_stairs":3,"minecraft:dandelion":10,"minecraft:polished_deepslate":1,"create:haunted_bell":22,"minecraft:green_terracotta":117,"immersive_weathering:exposed_iron_door":2,"create:cogwheel":93,"minecraft:jungle_planks":76,"minecraft:tuff":2,"farmersdelight:sweet_berry_cookie":64,"minecraft:glass":6,"minecraft:bricks":11,"blocksyouneed_luna:sodalite_mend_brace":45,"minecraft:quartz_slab":1,"apocalypsenow:combat_survival_knife":4,"create:millstone":5,"minecraft:stone_bricks":17,"minecraft:item_frame":3,"minecraft:beetroot_seeds":17,"minecraft:end_rod":3,"create:crushing_wheel":5,"minecraft:stone_pickaxe":2150,"minecraft:polished_diorite_slab":11,"minecraft:oak_planks":80,"biomesoplenty:lavender":1,"minecraft:sugar_cane":3,"extinction:bottle_water":4,"apocalypsenow:wine":1,"minecraft:lever":1,"minecraft:melon_slice":7,"minecraft:bread":33,"immersive_weathering:azalea_flower_pile":1,"minecraft:iron_door":1,"minecraft:gravel":364,"blocksyouneed_luna:achoria":1,"zombie_extreme:trader_table":1,"immersive_weathering:exposed_iron_bars":8,"minecraft:andesite":1,"minecraft:smooth_stone_slab":2,"zombiekit:rake":10,"create:vertical_gearbox":18,"biomesoplenty:jacaranda_leaves":1,"create:large_cogwheel":22,"minecraft:cobweb":1,"minecraft:oak_fence":6,"zombie_extreme:metal_fence":1,"minecraft:rose_bush":2,"zombie_extreme:cleaver":8,"minecraft:stone_shovel":787,"pfm:birch_herringbone_planks":1,"minecraft:spruce_planks":37,"minecraft:stone_hoe":1,"minecraft:oak_door":1,"minecraft:dirt":318,"create:mechanical_mixer":10,"minecraft:granite":9,"minecraft:spruce_fence":13,"minecraft:wooden_axe":18,"immersive_weathering:flowering_azalea_leaf_pile":1,"immersive_weathering:weeds":1,"minecraft:stone_pressure_plate":1,"minecraft:light_gray_bed":12,"biomesoplenty:burning_blossom":7,"extinction:riot_shieldii":12,"minecraft:pink_tulip":2,"minecraft:cobblestone_stairs":30,"zombie_extreme:decomposing_backpack":1,"apocalypsenow:papertrash":7,"minecraft:glass_bottle":28,"minecraft:polished_andesite":2,"minecraft:baked_potato":22,"minecraft:glow_item_frame":1,"immersive_weathering:exposed_iron_trapdoor":6,"zombiekit:crowbar":14,"create:mechanical_press":15,"minecraft:stone_slab":1,"create:large_water_wheel":1,"biomesoplenty:toadstool":1,"minecraft:stone_axe":1026,"minecraft:bucket":4,"minecraft:smooth_stone":6},"minecraft:dropped":{"apocalypsenow:canned_carrot":1,"minecraft:diamond":4,"minecraft:crafting_table":1,"minecraft:cookie":1,"minecraft:emerald":6,"minecraft:dirt":29,"minecraft:sand":20,"minecraft:bone":8,"minecraft:oak_door":5,"minecraft:stone_axe":1,"minecraft:nether_brick":3,"minecraft:oak_planks":3,"blocksyouneed_luna:aquatrine":8,"minecraft:iron_ingot":42,"zombiekit:crowbar":1,"minecraft:cobblestone":232,"mekanismtools:stone_paxel":3,"minecraft:end_rod":2,"minecraft:lily_pad":4,"marbledsarsenal:riot_armor_boots":2,"minecraft:bowl":1,"minecraft:stone_slab":3,"zombie_extreme:military_cargo":3,"extinction:bottle_water":1,"minecraft:potato":3,"create:zinc_ingot":21,"minecraft:diamond_pickaxe":1,"tacz:ammo":72,"zombiekit:rake":2,"minecraft:flint":1,"farmersdelight:sweet_berry_cookie":2,"farmersdelight:onion":2,"minecraft:gold_ingot":9,"minecraft:cauldron":2,"minecraft:gravel":48,"zombie_extreme:ignotsteel":1,"projectvibrantjourneys:light_brown_bark_mushroom":2,"minecraft:gunpowder":8,"minecraft:chest":3,"minecraft:netherrack":5,"minecraft:water_bucket":2,"blocksyouneed_luna:moonstone_uc":1,"zombie_extreme:shelf":1,"biomesoplenty:orange_sand":3,"minecraft:diorite":2,"zombie_extreme:night_vision_glasses_helmet":1,"apocalypsenow:coins":1,"tacz:modern_kinetic_gun":3,"minecraft:redstone":4,"zombie_extreme:dog_food":1,"apocalypsenow:wine":2,"legendarysurvivaloverhaul:large_canteen":3,"minecraft:dirt_path":1,"minecraft:filled_map":1,"lrarmor:scout_chestplate":1,"minecraft:andesite":49},"minecraft:mined":{"blocksyouneed_luna:sodalite_mend_brace":42,"minecraft:jungle_leaves":19,"biomesoplenty:burning_blossom":7,"minecraft:granite":1805,"minecraft:stone_brick_wall":1,"minecraft:crimson_trapdoor":6,"minecraft:jungle_log":30,"minecraft:light_gray_bed":15,"minecraft:oak_pressure_plate":2,"minecraft:coal_block":2,"minecraft:blue_wool":25,"minecraft:hopper":11,"minecraft:spawner":1,"immersive_weathering:exposed_iron_door":2,"zombie_extreme:cash_register":1,"zombie_extreme:decomposing_backpack":1,"immersive_weathering:mossy_stone":1,"minecraft:barrel":4,"zombie_extreme:ore_steel":31,"minecraft:cave_vines":58,"minecraft:water_cauldron":2,"minecraft:dirt_path":1,"minecraft:quartz_slab":1,"minecraft:green_carpet":4,"minecraft:pink_tulip":1,"minecraft:smooth_sandstone_stairs":4,"create:mechanical_press":1,"immersive_weathering:oak_leaf_pile":231,"minecraft:jungle_trapdoor":2,"create:cogwheel":4,"blocksyouneed_luna:slime_achoria":20,"immersive_weathering:exposed_iron_bars":87,"apocalypsenow:papertrash":3,"minecraft:torch":17,"minecraft:polished_andesite_stairs":1,"minecraft:melon":8,"mekanism:tin_ore":33,"minecraft:polished_diorite_slab":9,"minecraft:glass":13,"zombie_extreme:medicine_box":2,"projectvibrantjourneys:fallen_leaves":10,"minecraft:sugar_cane":24,"minecraft:bricks":6,"minecraft:smooth_sandstone_slab":13,"create:basin":2,"projectvibrantjourneys:light_brown_bark_mushroom":1,"zombie_extreme:metal_fence":1,"minecraft:mud":1,"minecraft:wheat":77,"create:mechanical_mixer":1,"minecraft:wither_rose":4,"minecraft:grass":69,"projectvibrantjourneys:short_grass":27,"horror_element_mod:dead_cow":1,"mekanism:lead_ore":7,"horror_element_mod:blood_1":2,"minecraft:deepslate":30,"create:zinc_ore":21,"minecraft:brown_concrete":5,"create:millstone":1,"horror_element_mod:blood_3":2,"projectvibrantjourneys:rocks":2,"immersive_weathering:birch_leaf_pile":11,"blocksyouneed_luna:shale":24,"minecraft:spruce_fence":13,"minecraft:jungle_planks":14,"minecraft:redstone_wire":7,"blocksyouneed_luna:asphalt_pitch":2,"create:shaft":1,"minecraft:jungle_sapling":2,"zombie_extreme:ore_lead":8,"minecraft:andesite":109,"minecraft:green_terracotta":122,"minecraft:vine":62,"minecraft:green_wool":35,"zombie_extreme:black_ops_cargo":1,"minecraft:oak_slab":5,"minecraft:hanging_roots":2,"immersive_weathering:jungle_leaf_pile":269,"minecraft:lightning_rod":9,"minecraft:tall_grass":20,"minecraft:copper_ore":24,"blocksyouneed_luna:sodalite_metal_crossform":28,"minecraft:diorite":149,"create:water_wheel_structure":1,"create:blaze_burner":1,"mekanism:uranium_ore":1,"zombie_extreme:ore_tin":17,"create:gearbox":1,"minecraft:quartz_pillar":10,"minecraft:zombie_head":2,"minecraft:gravel":618,"minecraft:cobweb":30,"minecraft:stone_bricks":21,"minecraft:iron_trapdoor":37,"minecraft:fern":16,"blocksyouneed_luna:sodalite":27,"minecraft:spruce_planks":10,"minecraft:stone_pressure_plate":1,"minecraft:andesite_stairs":7,"minecraft:sculk_vein":1,"minecraft:cobblestone_stairs":4,"zombie_extreme:trader_table":1,"minecraft:spruce_trapdoor":1,"minecraft:cave_vines_plant":81,"minecraft:grass_block":53,"minecraft:white_concrete":1,"apocalypsenow:papertrashvariant":2,"minecraft:polished_diorite":53,"minecraft:composter":2,"minecraft:smooth_stone":22,"zombie_extreme:military_cargo":2,"minecraft:iron_ore":29,"zombiekit:gas_tank":1,"blocksyouneed_luna:labrat_plexiglass":5,"minecraft:azure_bluet":1,"immersive_weathering:loam":3,"minecraft:iron_bars":69,"minecraft:spruce_slab":7,"minecraft:quartz_block":271,"minecraft:cyan_terracotta":1,"minecraft:poppy":1,"minecraft:chest":8,"immersive_weathering:weathered_iron_bars":1,"zombie_extreme:barbed_fence":14,"minecraft:cobblestone":114,"minecraft:oak_planks":75,"minecraft:iron_door":9,"minecraft:wall_torch":34,"minecraft:stone_stairs":11,"minecraft:birch_log":1,"minecraft:smooth_stone_slab":41,"minecraft:oak_log":8,"minecraft:beetroots":6,"minecraft:sand":31,"minecraft:dirt":431,"minecraft:oak_leaves":126,"minecraft:daylight_detector":1,"minecraft:tuff":3,"minecraft:quartz_stairs":2,"immersive_weathering:exposed_iron_trapdoor":6,"minecraft:ladder":4,"minecraft:lever":2,"minecraft:stone_button":1,"create:large_cogwheel":3,"create:depot":1,"blocksyouneed_luna:moonstone_uc":11,"horror_element_mod:blood_2":1,"minecraft:birch_slab":2,"minecraft:large_fern":1,"minecraft:hay_block":4,"minecraft:oak_trapdoor":3,"minecraft:furnace":2,"biomesoplenty:toadstool":1,"zombie_extreme:wooden_barricades":25,"minecraft:light_gray_shulker_box":5,"treechop:chopped_log":32,"minecraft:gold_block":1,"minecraft:polished_deepslate":11,"minecraft:bookshelf":3,"projectvibrantjourneys:jungle_hollow_log":1,"blocksyouneed_luna:achoria":1,"immersive_weathering:ivy":2,"minecraft:stone":1142,"zombie_extreme:vending_machine":2,"minecraft:red_wool":35,"pfm:birch_herringbone_planks":1,"minecraft:polished_granite":6,"minecraft:oak_fence":4,"minecraft:crafting_table":10,"create:haunted_bell":23,"minecraft:andesite_wall":1,"minecraft:stone_slab":4,"minecraft:lapis_ore":13,"minecraft:red_concrete":1,"minecraft:sweet_berry_bush":10,"minecraft:gray_bed":1,"minecraft:coal_ore":190,"minecraft:cocoa":1,"minecraft:end_rod":2,"minecraft:cracked_stone_bricks":14,"minecraft:polished_andesite":4,"minecraft:mossy_stone_bricks":3},"minecraft:killed":{"extinction:soldier":2,"gore_edition:severed_legs_and_arm_zombie":1,"minecraft:zombie":5,"apocalypsenow:runner_44":1,"apocalypsenow:walker_14":1,"apocalypsenow:walker_18":1,"zombie_island:walker_4":3,"apocalypsenow:walker_9":1,"gore_edition:severedlegs_zombie":1,"apocalypsenow:walker_16":1,"zombie_island:shambler_2":3,"zombie_island:walker_2":6,"zombie_island:runner_1":2,"gore_edition:headless_zombie":2,"zombie_extreme:infected_juggernaut":1,"apocalypsenow:walker_29":1,"zombie_island:runner_3":2,"zombie_island:runner_4":5,"zombie_island:shambler_4":1,"apocalypsenow:walker_23":3,"zombie_island:runner_2":1,"apocalypsenow:looter_1":1,"apocalypsenow:runner_37":1,"zombie_island:walker_1":10,"apocalypsenow:walker_8":1,"zombie_island:walker_3":3,"apocalypsenow:runner_50":1,"apocalypsenow:runner_48":1,"extinction:fallen_survivor":1,"minecraft:player":2}},"DataVersion":3465}