{"stats":{"minecraft:used":{"zombie_extreme:sand_bag":1,"minecraft:spruce_slab":1,"minecraft:ladder":4,"minecraft:poppy":1,"minecraft:chest":3,"minecraft:brown_concrete":1,"minecraft:mossy_stone_brick_slab":2,"minecraft:carrot":48,"minecraft:glass":130,"minecraft:bricks":1,"minecraft:birch_sapling":7,"minecraft:item_frame":1,"extinction:body_bag":2,"minecraft:sweet_berries":35,"minecraft:oak_sapling":12,"minecraft:gray_bed":1,"minecraft:beetroot_seeds":7,"minecraft:skeleton_skull":5,"minecraft:potato":45,"apocalypsenow:cooked_human_flesh":1,"minecraft:diorite":2,"zombie_extreme:vending_machine":1,"minecraft:stone_pickaxe":122,"minecraft:oak_planks":1,"minecraft:sugar_cane":7,"minecraft:cookie":1,"immersive_weathering:mulch_block":17,"extinction:bottle_water":1,"projectvibrantjourneys:beach_grass":4,"apocalypsenow:wine":6,"minecraft:bread":2,"minecraft:zombie_head":6,"minecraft:birch_slab":12,"zombie_extreme:radio_installation":1,"minecraft:melon_slice":6,"minecraft:stone_button":3,"minecraft:gravel":4,"minecraft:andesite":5,"minecraft:smooth_stone_slab":3,"minecraft:air":1,"horror_element_mod:blood_3":5,"zombie_extreme:barbed_fence":1,"minecraft:oak_fence":3,"minecraft:rose_bush":1,"minecraft:stone_sword":164,"minecraft:stone_shovel":361,"minecraft:stone_hoe":8,"zombie_extreme:wooden_barricades":2,"minecraft:torch":25,"minecraft:dirt":72,"minecraft:spruce_stairs":2,"minecraft:spruce_fence":3,"minecraft:stone_brick_slab":2,"minecraft:rooted_dirt":2,"horror_element_mod:bloody_tombstone":1,"minecraft:barrel":5,"minecraft:stone_pressure_plate":7,"minecraft:light_gray_bed":2,"biomesoplenty:burning_blossom":1,"minecraft:wheat_seeds":380,"minecraft:glass_bottle":25,"minecraft:polished_andesite":1,"minecraft:baked_potato":9,"minecraft:blue_wool":1,"mekanismtools:stone_paxel":1487,"minecraft:cobblestone_slab":6,"minecraft:cracked_stone_bricks":3,"projectvibrantjourneys:sea_oats":3,"minecraft:crafting_table":2,"minecraft:apple":8,"apocalypsenow:radio":6,"minecraft:flower_pot":1,"minecraft:waxed_exposed_cut_copper_stairs":13,"immersive_weathering:waxed_iron_door":2,"biomesoplenty:toadstool":2,"minecraft:stone_axe":296,"minecraft:cobblestone":9,"minecraft:potion":1,"minecraft:wither_rose":5,"minecraft:dandelion":2},"minecraft:picked_up":{"zombie_extreme:wooden_barricades":4,"biomesoplenty:burning_blossom":1,"minecraft:wheat":266,"minecraft:flower_pot":10,"minecraft:lead":2,"minecraft:wither_rose":5,"minecraft:lapis_block":1,"minecraft:string":1,"minecraft:smooth_stone_slab":3,"horror_element_mod:blood_3":5,"minecraft:zombie_head":4,"minecraft:beetroot":20,"minecraft:sea_pickle":4,"minecraft:spruce_planks":3,"minecraft:rose_bush":8,"zombie_extreme:oil_shale":4,"minecraft:melon_slice":6,"minecraft:blue_wool":1,"minecraft:stick":586,"farmersdelight:potato_crate":1,"minecraft:oak_fence":4,"minecraft:torch":7,"minecraft:spruce_stairs":10,"minecraft:porkchop":2,"apocalypsenow:glassbottle":1,"minecraft:diorite":2,"zombie_extreme:radio_installation":1,"minecraft:stone_sword":4,"minecraft:light_gray_bed":2,"minecraft:rotten_flesh":41,"zombiesmore:flammable_bone":1,"farmersdelight:onion":2,"projectvibrantjourneys:cattail":9,"apocalypsenow:wine":1,"minecraft:iron_bars":6,"minecraft:blaze_powder":2,"minecraft:cobblestone":129,"biomesoplenty:lavender":1,"minecraft:birch_log":125,"minecraft:lilac":1,"minecraft:iron_door":2,"minecraft:andesite":1,"minecraft:potato":176,"projectvibrantjourneys:birch_hollow_log":8,"projectvibrantjourneys:oak_hollow_log":2,"zombie_extreme:crowbar":1,"minecraft:dirt":744,"immersive_weathering:weeds":10,"minecraft:wheat_seeds":938,"apocalypsenow:human_flesh":12,"apocalypsenow:chlorine_dioxed":1,"minecraft:mossy_stone_bricks":1,"minecraft:bamboo":1,"zombie_extreme:metal_fence":9,"minecraft:oak_planks":3,"immersive_weathering:tallow":4,"biomesoplenty:toadstool":2,"apocalypsenow:canned_carrot":1,"legendarysurvivaloverhaul:purified_water_bottle":4,"minecraft:poisonous_potato":2,"mekanismtools:stone_paxel":7,"minecraft:sand":256,"projectvibrantjourneys:beach_grass":8,"minecraft:ink_sac":1,"minecraft:dead_bush":1,"minecraft:lily_of_the_valley":26,"minecraft:barrel":4,"apocalypsenow:plastic":1,"minecraft:polished_andesite":2,"minecraft:polished_blackstone_button":1,"minecraft:bread":4,"minecraft:rooted_dirt":7,"minecraft:oak_sapling":265,"minecraft:bricks":11,"marbledsarsenal:riot_armor_boots":1,"minecraft:crimson_roots":1,"immersive_weathering:waxed_iron_door":1,"minecraft:mud":2,"minecraft:charcoal":4,"minecraft:coarse_dirt":2,"minecraft:crafting_table":1,"minecraft:allium":2,"minecraft:azure_bluet":31,"blocksyouneed_luna:moonstone_uc":1,"minecraft:brown_mushroom":3,"minecraft:cornflower":13,"minecraft:moss_carpet":4,"projectvibrantjourneys:reeds":1,"minecraft:item_frame":1,"minecraft:cracked_stone_bricks":3,"apocalypsenow:canned_beans":1,"minecraft:poppy":37,"minecraft:sugar_cane":25,"minecraft:chest":4,"minecraft:birch_sapling":52,"minecraft:spruce_trapdoor":2,"projectvibrantjourneys:bark_mushroom":15,"minecraft:spruce_fence":3,"minecraft:fire_charge":1,"minecraft:stone_button":3,"minecraft:carrot":185,"minecraft:brown_dye":3,"minecraft:stone_pressure_plate":11,"minecraft:stone_shovel":3,"minecraft:beetroot_seeds":50,"zombie_extreme:cash_register":1,"minecraft:hay_block":5,"minecraft:pink_tulip":1,"zombiesmore:dynamite":1,"extinction:body_bag":3,"minecraft:skeleton_skull":7,"minecraft:oxeye_daisy":7,"extinction:bottle_water":1,"immersive_weathering:spruce_bark":6,"minecraft:fern":1,"minecraft:red_mushroom":2,"minecraft:crimson_fungus":1,"minecraft:brown_concrete":1,"minecraft:oak_log":489,"minecraft:lily_pad":25,"lrarmor:fbi_chestplate":1,"minecraft:gunpowder":8,"projectvibrantjourneys:sea_oats":6,"apocalypsenow:cooked_human_flesh":1,"minecraft:apple":32,"horror_element_mod:bloody_tombstone":1,"minecraft:spore_blossom":2,"zombie_extreme:barbed_fence":8,"minecraft:stone_pickaxe":3,"zombie_extreme:vending_machine":2,"minecraft:gray_bed":1,"minecraft:book":3,"projectvibrantjourneys:light_brown_bark_mushroom":12,"minecraft:warped_fungus":1,"minecraft:pumpkin":2,"minecraft:sweet_berries":115,"minecraft:stone_brick_slab":2,"minecraft:red_wool":2,"minecraft:dandelion":84,"minecraft:gravel":1,"minecraft:spruce_sapling":42,"minecraft:spruce_log":68,"minecraft:waxed_exposed_cut_copper_stairs":13,"minecraft:mossy_stone_brick_slab":2,"minecraft:brick_slab":8,"apocalypsenow:papertrash":2,"minecraft:stone_axe":3,"zombie_extreme:sand_bag":1,"minecraft:warped_roots":1,"horror_element_mod:broken_light":3,"immersive_weathering:mulch_block":10,"minecraft:baked_potato":18,"projectvibrantjourneys:orange_bark_mushroom":11},"minecraft:mined":{"minecraft:stone_pressure_plate":11,"minecraft:spruce_planks":1,"minecraft:oak_sapling":8,"minecraft:potted_crimson_roots":1,"minecraft:mossy_stone_brick_slab":2,"minecraft:sculk_vein":16,"minecraft:potted_crimson_fungus":1,"minecraft:spruce_trapdoor":5,"minecraft:potted_dead_bush":1,"biomesoplenty:burning_blossom":1,"minecraft:grass_block":436,"horror_element_mod:bloody_tombstone":1,"minecraft:light_gray_bed":2,"immersive_weathering:waxed_iron_door":1,"minecraft:blue_wool":1,"minecraft:oxeye_daisy":6,"minecraft:potted_fern":1,"minecraft:potted_warped_fungus":1,"minecraft:tall_seagrass":1,"zombie_extreme:cash_register":1,"projectvibrantjourneys:reeds":1,"minecraft:barrel":4,"immersive_weathering:flowering_azalea_leaf_pile":1,"biomesoplenty:lavender":1,"projectvibrantjourneys:bark_mushroom":1,"minecraft:pumpkin":2,"minecraft:azure_bluet":31,"minecraft:skeleton_wall_skull":1,"minecraft:dirt_path":7,"minecraft:iron_bars":6,"immersive_weathering:loam":11,"minecraft:pink_tulip":1,"farmersdelight:wild_potatoes":2,"immersive_weathering:oak_leaf_pile":976,"projectvibrantjourneys:cattail":9,"horror_element_mod:dead_experiment":1,"projectvibrantjourneys:sea_oats":4,"immersive_weathering:spruce_leaf_pile":139,"farmersdelight:potato_crate":1,"minecraft:torch":1,"minecraft:poppy":37,"minecraft:melon":1,"minecraft:potted_warped_roots":1,"minecraft:chest":3,"zombie_extreme:barbed_fence":8,"projectvibrantjourneys:natural_cobweb":1,"minecraft:glass":4,"minecraft:cobblestone":18,"minecraft:potted_oak_sapling":1,"projectvibrantjourneys:fallen_leaves":33,"minecraft:oak_planks":2,"minecraft:sugar_cane":12,"minecraft:bricks":11,"minecraft:iron_door":2,"minecraft:wall_torch":5,"minecraft:birch_sapling":4,"minecraft:skeleton_skull":3,"minecraft:seagrass":3,"projectvibrantjourneys:light_brown_bark_mushroom":3,"zombie_extreme:metal_fence":9,"minecraft:mud":1,"minecraft:lapis_block":1,"minecraft:birch_log":1,"minecraft:wheat":301,"minecraft:lilac":1,"minecraft:wither_rose":3,"minecraft:smooth_stone_slab":3,"minecraft:grass":653,"minecraft:oak_log":6,"projectvibrantjourneys:short_grass":207,"minecraft:beetroots":18,"immersive_weathering:mulch_block":5,"minecraft:sand":256,"minecraft:dirt":103,"minecraft:waxed_exposed_cut_copper_stairs":14,"minecraft:zombie_wall_head":2,"immersive_weathering:weeds":6,"minecraft:oak_leaves":17,"minecraft:brown_concrete":1,"extinction:body_bag":3,"horror_element_mod:blood_3":4,"farmersdelight:wild_carrots":12,"minecraft:cyan_stained_glass":1,"projectvibrantjourneys:rocks":4,"immersive_weathering:birch_leaf_pile":141,"horror_element_mod:light_on":2,"minecraft:stone_button":2,"minecraft:spruce_fence":3,"blocksyouneed_luna:moonstone_uc":1,"immersive_weathering:azalea_flower_pile":1,"projectvibrantjourneys:sandstone_rocks":1,"minecraft:spruce_leaves":1,"minecraft:potted_bamboo":1,"zombie_extreme:sand_bag":1,"minecraft:rooted_dirt":6,"minecraft:large_fern":3,"minecraft:hay_block":5,"farmersdelight:wild_onions":2,"minecraft:spore_blossom":2,"minecraft:carrots":52,"biomesoplenty:toadstool":2,"zombie_extreme:wooden_barricades":4,"immersive_weathering:charred_log":2,"projectvibrantjourneys:orange_bark_mushroom":1,"minecraft:andesite":1,"treechop:chopped_log":122,"projectvibrantjourneys:beach_grass":4,"minecraft:bookshelf":1,"minecraft:potatoes":51,"minecraft:vine":4,"zombie_extreme:oil_shale_sand":4,"minecraft:potted_spruce_sapling":1,"immersive_weathering:ivy":52,"minecraft:stone":65,"zombie_extreme:radio_installation":2,"zombie_extreme:vending_machine":2,"minecraft:podzol":20,"minecraft:lily_of_the_valley":27,"minecraft:stone_brick_slab":2,"minecraft:dandelion":77,"minecraft:oak_fence":4,"minecraft:crafting_table":1,"minecraft:cornflower":13,"horror_element_mod:broken_light":1,"immersive_weathering:soot":1,"immersive_weathering:rooted_grass_block":1,"minecraft:rose_bush":8,"projectvibrantjourneys:mossy_rocks":2,"minecraft:campfire":2,"minecraft:tall_grass":108,"minecraft:lily_pad":24,"minecraft:diorite":2,"minecraft:spruce_stairs":10,"farmersdelight:wild_beetroots":4,"minecraft:coarse_dirt":2,"minecraft:brick_slab":8,"minecraft:sea_pickle":1,"minecraft:sweet_berry_bush":23,"minecraft:gray_bed":1,"projectvibrantjourneys:sandy_sprouts":1,"minecraft:zombie_head":2,"minecraft:flower_pot":1,"minecraft:cracked_stone_bricks":3,"minecraft:small_dripleaf":1,"minecraft:polished_andesite":2,"minecraft:mossy_stone_bricks":1,"projectvibrantjourneys:oak_hollow_log":2,"minecraft:fern":9},"minecraft:custom":{"minecraft:interact_with_crafting_table":51,"minecraft:open_barrel":115,"minecraft:open_shulker_box":11,"minecraft:leave_game":5,"minecraft:time_since_death":12147,"minecraft:sprint_one_cm":468609,"minecraft:drop":79,"minecraft:talked_to_villager":12,"minecraft:play_time":461233,"minecraft:deaths":23,"minecraft:jump":2033,"minecraft:walk_on_water_one_cm":18690,"minecraft:interact_with_furnace":45,"minecraft:interact_with_loom":1,"minecraft:sleep_in_bed":11,"minecraft:open_enderchest":20,"minecraft:damage_dealt":7122,"minecraft:crouch_one_cm":16540,"minecraft:interact_with_smithing_table":2,"minecraft:interact_with_anvil":3,"minecraft:mob_kills":28,"minecraft:interact_with_campfire":12,"minecraft:damage_dealt_resisted":1572,"minecraft:climb_one_cm":21183,"minecraft:walk_one_cm":2810958,"minecraft:sneak_time":5665,"minecraft:walk_under_water_one_cm":14012,"minecraft:boat_one_cm":12704,"minecraft:interact_with_blast_furnace":3,"minecraft:total_world_time":461233,"minecraft:time_since_rest":2427,"minecraft:damage_absorbed":1562,"minecraft:damage_taken":3993,"minecraft:swim_one_cm":15105,"minecraft:freezer_opened":4,"minecraft:fly_one_cm":123636,"minecraft:open_chest":225,"minecraft:fall_one_cm":35511},"minecraft:broken":{"mekanismtools:stone_paxel":4,"minecraft:stone_axe":2,"minecraft:stone_shovel":1,"minecraft:stone_sword":1},"minecraft:dropped":{"apocalypsenow:canned_carrot":1,"minecraft:red_wool":2,"farmersdelight:sweet_berry_cookie":8,"apocalypsenow:chlorine_dioxed":1,"biomesoplenty:burning_blossom":1,"apocalypsenow:glassbottle":2,"minecraft:gravel":1,"minecraft:sugar_cane":4,"zombie_extreme:ignotsteel":10,"minecraft:blaze_powder":2,"zombiesmore:flammable_bone":1,"minecraft:gunpowder":8,"minecraft:chest":6,"extinction:riot_shieldii":1,"immersive_weathering:tallow":2,"apocalypsenow:canned_beans":2,"tacz:attachment":1,"minecraft:iron_ingot":2,"zombie_extreme:vending_machine":1,"blocksyouneed_luna:moonstone_uc":1,"mekanismtools:stone_paxel":1,"legendarysurvivaloverhaul:healing_herbs":1,"zombiesmore:dynamite":1,"minecraft:lapis_block":1,"immersive_weathering:weeds":1,"minecraft:bricks":10,"minecraft:sweet_berries":15,"legendarysurvivaloverhaul:purified_water_bottle":8,"farmersdelight:potato_crate":1,"extinction:bottle_water":2,"legendarysurvivaloverhaul:bandage":1,"minecraft:brick_slab":8},"minecraft:killed_by":{"zombie_island:runner_1":2,"zombie_island:runner_2":1,"zombie_extreme:inflated":1,"apocalypsenow:runner_55":1,"zombie_island:runner_4":2,"extinction:runner_ii":1,"minecraft:iron_golem":2,"zombie_island:walker_3":1,"apocalypsenow:runner_50":1,"extinction:runner":1},"minecraft:killed":{"zombie_island:runner_3":1,"zombie_island:runner_4":1,"minecraft:iron_golem":1,"minecraft:zombie":1,"zombie_island:runner_2":2,"zombie_extreme:fetus":1,"zombie_island:walker_1":2,"apocalypsenow:walker_15":1,"apocalypsenow:walker_33":1,"zombie_island:walker_4":5,"apocalypsenow:walker_4":1,"zombie_island:walker_3":2,"zombie_extreme:devestated":1,"zombie_island:shambler_2":1,"apocalypsenow:walker_31":1,"zombie_island:walker_2":3},"minecraft:crafted":{"minecraft:oak_planks":35,"minecraft:cobblestone_slab":6,"farmersdelight:beetroot_crate":2,"apocalypsenow:wine":12,"minecraft:birch_slab":12,"minecraft:potato":1,"minecraft:glass":130,"immersive_weathering:waxed_iron_door":1,"minecraft:chest":5,"apocalypsenow:plastic":6,"minecraft:stone_hoe":1,"minecraft:glass_bottle":12,"apocalypsenow:canned_carrot":4,"minecraft:crafting_table":1,"minecraft:baked_potato":24,"minecraft:brown_dye":3,"minecraft:hay_block":30,"minecraft:birch_planks":5,"mekanismtools:stone_paxel":6,"minecraft:charcoal":8,"minecraft:stick":11,"legendarysurvivaloverhaul:purified_water_bottle":24,"minecraft:stone_sword":1,"minecraft:stone_shovel":8,"legendarysurvivaloverhaul:plaster":2,"farmersdelight:potato_crate":13,"zombie_extreme:ignotsteel":10,"farmersdelight:carrot_crate":13,"minecraft:ladder":6,"minecraft:stone_pickaxe":7,"legendarysurvivaloverhaul:bandage":1,"immersive_weathering:mulch_block":3,"legendarysurvivaloverhaul:healing_herbs":11,"minecraft:stone_axe":8,"farmersdelight:sweet_berry_cookie":8,"minecraft:bread":1,"minecraft:air":111,"minecraft:torch":5}},"DataVersion":3465}