{"stats":{"minecraft:broken":{"mekanismtools:stone_paxel":7,"minecraft:stone_pickaxe":1,"zombie_extreme:golf_club":1,"minecraft:stone_shovel":2},"minecraft:killed":{"zombie_island:runner_1":2,"apocalypsenow:walker_29":3,"zombie_island:runner_3":2,"extinction:soldier":2,"apocalypsenow:runner_45":4,"extinction:runner_ii":1,"apocalypsenow:walker_11":1,"apocalypsenow:walker_12":1,"apocalypsenow:walker_13":1,"apocalypsenow:runner_44":2,"zombie_extreme:infected_police":1,"zombie_island:runner_2":2,"apocalypsenow:runner_55":1,"apocalypsenow:walker_6":1,"apocalypsenow:walker_1":1,"apocalypsenow:walker_3":3,"zombie_island:walker_4":7,"apocalypsenow:walker_8":1,"apocalypsenow:walker_30":3,"zombie_extreme:infected":1,"apocalypsenow:walker_9":1,"zombie_island:walker_3":2,"apocalypsenow:runner_48":1,"apocalypsenow:runner_36":1,"zombie_island:walker_2":1},"minecraft:used":{"minecraft:moss_carpet":1,"minecraft:ladder":1,"minecraft:chest":8,"minecraft:white_terracotta":1,"minecraft:brown_concrete":2,"create:haunted_bell":3,"tacz:statue":6,"apocalypsenow:chips":1,"create:oak_window":2,"minecraft:jungle_planks":4,"farmersdelight:sweet_berry_cookie":23,"minecraft:glass":2,"minecraft:cyan_terracotta":1,"zombie_extreme:spotlight":2,"minecraft:lava_bucket":3,"minecraft:quartz_pillar":4,"minecraft:jungle_fence_gate":29,"immersive_weathering:weathered_iron_trapdoor":1,"minecraft:green_wool":17,"minecraft:quartz_block":27,"minecraft:dark_oak_slab":1,"minecraft:stone_bricks":6,"minecraft:item_frame":7,"biomesoplenty:jacaranda_sapling":318,"minecraft:sweet_berries":2,"minecraft:furnace":3,"minecraft:gray_bed":1,"minecraft:egg":4,"minecraft:potato":11,"biomesoplenty:jacaranda_fence":21,"zombie_extreme:vending_machine":2,"minecraft:jungle_fence":1,"minecraft:stone_pickaxe":173,"minecraft:oak_planks":8,"modernlife:turntable":1,"minecraft:composter":2,"create:mechanical_saw":5,"minecraft:jungle_boat":2,"biomesoplenty:jacaranda_planks":440,"projectvibrantjourneys:beach_grass":1,"immersive_weathering:mulch_block":8,"minecraft:shears":128,"extinction:bottle_water":2,"minecraft:light_gray_concrete":1,"minecraft:string":2,"minecraft:bread":27,"minecraft:iron_door":1,"zombiekit:mortar_rack":1,"zombie_extreme:pipe":37,"minecraft:soul_lantern":6,"blocksyouneed_luna:achoria":1,"minecraft:oak_boat":1,"biomesoplenty:jacaranda_leaves":86,"minecraft:cobweb":3,"zombie_extreme:barbed_fence":22,"zombie_extreme:butcher_knife":132,"zombie_extreme:metal_fence":1,"minecraft:iron_bars":1,"biomesoplenty:jacaranda_fence_gate":28,"create:schematic_table":2,"minecraft:stone_shovel":383,"tacz:gun_smith_table":1,"zombie_extreme:wooden_barricades":2,"minecraft:light_gray_shulker_box":2,"minecraft:torch":188,"create:turntable":1,"modernlife:vinyl_siding":4,"minecraft:dirt":639,"blocksyouneed_luna:labrat_plexiglass":2,"minecraft:spruce_fence":100,"biomesoplenty:jacaranda_slab":359,"mcwwindows:oak_plank_pane_window":6,"minecraft:oak_stairs":1,"biomesoplenty:jacaranda_log":79,"minecraft:bamboo":5,"zombie_island:caustic_x_bucket":2,"modernlife:jail_door":2,"apocalypsenow:open_canned_beans":56,"minecraft:light_gray_bed":1,"biomesoplenty:burning_blossom":1,"minecraft:wheat_seeds":4,"minecraft:chiseled_bookshelf":2,"zombie_extreme:decomposing_backpack":2,"minecraft:lead":36,"apocalypsenow:radio_dropbox":6,"mekanismtools:stone_paxel":2475,"minecraft:cauldron":1,"apocalypsenow:canned_water":1,"minecraft:spruce_fence_gate":25,"minecraft:cracked_stone_bricks":1,"blocksyouneed_luna:tar_fluid_bucket":1,"minecraft:glow_item_frame":2,"minecraft:mossy_cobblestone":14,"minecraft:crafting_table":9,"minecraft:red_bed":2,"zombie_extreme:golf_club":1098,"mcwwindows:quartz_pane_window":1,"minecraft:white_bed":10,"minecraft:oak_log":48,"apocalypsenow:radio":5,"biomesoplenty:jacaranda_trapdoor":55,"minecraft:apple":11,"create:windmill_bearing":2,"extinction:butcher_knife":66,"minecraft:iron_pickaxe":7,"minecraft:cobblestone":95,"minecraft:bucket":9,"minecraft:glass_pane":2,"minecraft:kelp":4},"minecraft:mined":{"immersive_weathering:rusted_iron_door":2,"minecraft:white_bed":8,"minecraft:sculk_vein":12,"create:andesite_casing":4,"biomesoplenty:burning_blossom":1,"minecraft:spruce_trapdoor":1,"minecraft:crimson_trapdoor":18,"minecraft:grass_block":675,"minecraft:jungle_log":11,"minecraft:exposed_cut_copper_stairs":3,"minecraft:white_concrete":8,"zombie_extreme:shelf":2,"apocalypsenow:dropboxcommon":4,"modernlife:vinyl_siding":4,"minecraft:composter":2,"tacz:gun_smith_table":1,"minecraft:smooth_stone":40,"projectvibrantjourneys:reeds":2,"modernlife:jail_door":2,"zombie_extreme:decomposing_backpack":2,"minecraft:fire":3,"zombiekit:gas_tank":3,"mcwwindows:quartz_pane_window":1,"minecraft:moss_carpet":1,"blocksyouneed_luna:labrat_plexiglass":2,"minecraft:azure_bluet":13,"minecraft:dirt_path":13,"minecraft:iron_bars":5,"minecraft:oak_stairs":1,"immersive_weathering:loam":12,"minecraft:light_gray_concrete":1,"biomesoplenty:jacaranda_trapdoor":8,"zombie_extreme:birdsnest":2,"immersive_weathering:oak_leaf_pile":640,"minecraft:tripwire":2,"zombie_extreme:washing_machine":1,"projectvibrantjourneys:cattail":1,"biomesoplenty:jacaranda_leaves":143,"apocalypsenow:medicalairdropbox":2,"minecraft:quartz_block":4,"minecraft:red_bed":1,"minecraft:cyan_terracotta":1,"biomesoplenty:jacaranda_planks":70,"biomesoplenty:jacaranda_slab":131,"minecraft:soul_lantern":7,"minecraft:torch":4,"minecraft:poppy":10,"minecraft:chest":1,"zombie_extreme:barbed_fence":20,"minecraft:cobblestone":121,"minecraft:sugar_cane":5,"projectvibrantjourneys:fallen_leaves":31,"zombie_extreme:medicine_box":1,"minecraft:oak_planks":50,"minecraft:bricks":25,"minecraft:wall_torch":5,"minecraft:skeleton_skull":3,"minecraft:white_terracotta":3,"zombie_extreme:metal_fence":3,"minecraft:wheat":4,"horror_element_mod:spiked_villager":1,"minecraft:exposed_cut_copper_slab":3,"mcwwindows:oak_plank_pane_window":4,"minecraft:smooth_stone_slab":5,"zombie_extreme:concrete_fence":3,"minecraft:grass":253,"minecraft:oak_log":9,"projectvibrantjourneys:short_grass":103,"minecraft:oak_fence_gate":4,"immersive_weathering:mulch_block":4,"immersive_weathering:weathered_iron_trapdoor":28,"minecraft:dirt":180,"minecraft:oak_leaves":48,"create:oak_window":2,"minecraft:brown_concrete":3,"minecraft:mossy_cobblestone":27,"immersive_weathering:biomesoplenty/jacaranda_leaf_pile":39,"biomesoplenty:jacaranda_fence":1,"projectvibrantjourneys:rocks":4,"immersive_weathering:exposed_iron_trapdoor":146,"immersive_weathering:birch_leaf_pile":20,"minecraft:glow_lichen":1,"minecraft:ladder":1,"minecraft:chiseled_bookshelf":2,"minecraft:spruce_fence":20,"minecraft:jungle_planks":2,"zombie_extreme:iron_table":1,"zombie_extreme:dead_body":2,"minecraft:spruce_leaves":4,"zombie_extreme:trash_bucket":1,"minecraft:rooted_dirt":11,"biomesoplenty:jacaranda_sapling":9,"immersive_weathering:mossy_bricks":1,"biomesoplenty:jacaranda_log":6,"minecraft:furnace":2,"zombie_extreme:wooden_barricades":6,"minecraft:light_gray_shulker_box":2,"immersive_weathering:charred_log":1,"minecraft:andesite":105,"treechop:chopped_log":57,"zombie_extreme:spotlight":1,"create:windmill_bearing":1,"projectvibrantjourneys:beach_grass":1,"minecraft:vine":8,"blocksyouneed_luna:achoria":1,"immersive_weathering:ivy":2,"minecraft:bamboo":15,"zombie_extreme:fridge":2,"minecraft:stone":16,"minecraft:green_wool":7,"minecraft:jungle_fence_gate":9,"zombie_extreme:vending_machine":1,"biomesoplenty:jacaranda_fence_gate":4,"minecraft:glass_pane":2,"minecraft:cut_copper_stairs":4,"modernlife:turntable":1,"minecraft:lily_of_the_valley":8,"minecraft:snow_block":76,"minecraft:dandelion":1,"minecraft:crafting_table":5,"create:haunted_bell":3,"immersive_weathering:soot":1,"immersive_weathering:rooted_grass_block":2,"immersive_weathering:jungle_leaf_pile":152,"projectvibrantjourneys:mossy_rocks":1,"minecraft:tall_grass":7,"biomesoplenty:sprout":4,"biomesoplenty:huge_clover_petal":4,"minecraft:lily_pad":9,"horror_element_mod:trapped_leg":1,"minecraft:sculk":1,"create:mechanical_saw":1,"create:schematic_table":2,"minecraft:cut_copper_slab":7,"zombie_extreme:ore_tin":4,"minecraft:sweet_berry_bush":1,"minecraft:gray_bed":1,"create:turntable":1,"minecraft:quartz_pillar":16,"minecraft:end_rod":1,"minecraft:cobweb":40,"minecraft:cracked_stone_bricks":46,"minecraft:stone_bricks":47,"minecraft:spruce_fence_gate":5,"minecraft:polished_andesite":48,"minecraft:mossy_stone_bricks":33,"immersive_weathering:rusted_iron_trapdoor":25,"projectvibrantjourneys:oak_hollow_log":4,"minecraft:iron_trapdoor":2,"minecraft:fern":14},"minecraft:crafted":{"minecraft:oak_planks":38,"minecraft:jungle_fence_gate":20,"mcwwindows:hammer":1,"minecraft:quartz_pillar":4,"minecraft:chest":9,"minecraft:chiseled_quartz_block":12,"biomesoplenty:jacaranda_trapdoor":60,"minecraft:quartz_stairs":12,"create:turntable":1,"minecraft:emerald":3,"sophisticatedbackpacks:backpack":1,"biomesoplenty:jacaranda_planks":494,"minecraft:crafting_table":5,"minecraft:spruce_planks":177,"create:mechanical_saw":4,"tacz:ammo_box":3,"biomesoplenty:jacaranda_fence_gate":24,"mekanismtools:stone_paxel":8,"biomesoplenty:jacaranda_slab":300,"biomesoplenty:jacaranda_fence":27,"mcwwindows:window_base":20,"minecraft:stick":72,"minecraft:iron_ingot":32,"minecraft:iron_block":14,"minecraft:snow_block":64,"zombiekit:mortar_rack":2,"minecraft:spruce_fence_gate":27,"mcwwindows:quartz_pane_window":8,"apocalypsenow:pack_of_canned_beans":20,"minecraft:stone_shovel":13,"mcwwindows:oak_plank_pane_window":8,"legendarysurvivaloverhaul:canteen":7,"blocksyouneed_luna:shale":1,"minecraft:furnace":1,"create:schematic_table":1,"apocalypsenow:canned_beans":13,"minecraft:spruce_fence":87,"create:oak_window":2,"minecraft:glass_pane":16,"minecraft:scaffolding":42,"minecraft:stone_pickaxe":14,"minecraft:chiseled_bookshelf":12,"tacz:statue":6,"minecraft:quartz_slab":36,"minecraft:jungle_fence":6,"minecraft:lead":16,"create:windmill_bearing":1,"sophisticatedbackpacks:iron_backpack":1,"minecraft:wheat":39,"immersive_weathering:mulch_block":4,"create:andesite_alloy":10,"modernlife:vinyl_siding":12,"apocalypsenow:open_canned_beans":56,"sophisticatedbackpacks:gold_backpack":1,"minecraft:stone_axe":3,"farmersdelight:sweet_berry_cookie":16,"minecraft:bread":20,"minecraft:air":1106,"minecraft:jungle_planks":36,"minecraft:white_wool":3,"modernlife:turntable":1,"minecraft:white_bed":1,"create:shaft":8,"minecraft:torch":77},"minecraft:picked_up":{"zombie_extreme:wooden_barricades":6,"modernlife:vinyl_siding":4,"minecraft:wheat":5,"apocalypsenow:bloodybandages":1,"minecraft:light_gray_shulker_box":2,"minecraft:iron_trapdoor":2,"apocalypsenow:coins":5,"minecraft:oak_stairs":1,"immersive_weathering:mossy_bricks":1,"apocalypsenow:can_opener":1,"zombie_extreme:iron_table":1,"apocalypsenow:yellow_football_armor_helmet":1,"gundurability:wd_40":1,"apocalypsenow:pack_of_canned_strawberry":2,"zombie_extreme:decomposing_backpack":2,"minecraft:string":56,"apocalypsenow:alcohol":6,"immersive_weathering:rusted_iron_trapdoor":22,"modernlife:jail_door":1,"minecraft:smooth_stone":40,"minecraft:iron_pickaxe":1,"apocalypsenow:breathingfiltermodule":4,"minecraft:furnace":2,"minecraft:stick":292,"minecraft:composter":2,"apocalypsenow:electrical_scrap":1,"minecraft:torch":16,"apocalypsenow:canned_pork":2,"create:andesite_casing":4,"zombie_extreme:concrete_fence":3,"apocalypsenow:nurse_chestplate":1,"minecraft:cut_copper_stairs":4,"tacz:attachment":1,"apocalypsenow:antibiotics":5,"apocalypsenow:glassbottle":2,"zombie_island:scrap":1,"minecraft:quartz_block":4,"immersive_weathering:oak_bark":4,"minecraft:light_gray_bed":1,"minecraft:rotten_flesh":44,"zombie_extreme:rotten_apple":4,"minecraft:cyan_terracotta":1,"minecraft:green_wool":7,"minecraft:end_rod":1,"projectvibrantjourneys:cattail":1,"minecraft:white_terracotta":1,"minecraft:iron_bars":194,"minecraft:snowball":248,"zombiekit:gas_tank":3,"minecraft:cobblestone":170,"minecraft:birch_log":11,"minecraft:iron_door":1,"minecraft:andesite":103,"minecraft:jungle_log":184,"legendarysurvivaloverhaul:large_canteen":2,"apocalypsenow:pain_killers":5,"minecraft:potato":8,"projectvibrantjourneys:birch_hollow_log":1,"projectvibrantjourneys:oak_hollow_log":4,"legendarysurvivaloverhaul:morphine":1,"apocalypsenow:canned_tomatos":2,"minecraft:dirt":850,"apocalypsenow:wooden_fire_axe":1,"immersive_weathering:rusted_iron_door":2,"minecraft:bone":1,"minecraft:exposed_cut_copper_stairs":3,"zombie_extreme:washing_machine":1,"apocalypsenow:saline":3,"minecraft:wheat_seeds":64,"apocalypsenow:human_flesh":1,"farmersdelight:sweet_berry_cookie":10,"blocksyouneed_luna:labrat_plexiglass":2,"zombie_extreme:shelf":1,"create:shaft":1,"minecraft:mossy_stone_bricks":32,"minecraft:bamboo":84,"tacz:gun_smith_table":1,"create:super_glue":1,"zombie_extreme:metal_fence":4,"minecraft:oak_planks":50,"immersive_weathering:exposed_iron_trapdoor":207,"apocalypsenow:red_football_armor_helmet":1,"zombie_extreme:trash_bucket":1,"mekanismtools:stone_paxel":4,"apocalypsenow:chips":1,"minecraft:jungle_planks":2,"projectvibrantjourneys:beach_grass":1,"minecraft:ink_sac":2,"blocksyouneed_luna:achoria":1,"minecraft:lily_of_the_valley":12,"minecraft:mossy_cobblestone":24,"zombiekit:flame":1,"minecraft:light_gray_concrete":1,"minecraft:polished_andesite":48,"minecraft:spruce_fence_gate":5,"apocalypsenow:files":7,"minecraft:soul_lantern":7,"horror_element_mod:trapped_leg":1,"apocalypsenow:dynamite":1,"minecraft:white_concrete":7,"minecraft:bread":5,"minecraft:rooted_dirt":13,"minecraft:oak_sapling":134,"minecraft:light_gray_carpet":3,"minecraft:bricks":25,"minecraft:charcoal":2,"minecraft:crafting_table":4,"minecraft:azure_bluet":20,"apocalypsenow:comic_book":1,"minecraft:ladder":1,"legendarysurvivaloverhaul:canteen":3,"apocalypsenow:radio_dropbox":1,"apocalypsenow:canned_water":1,"minecraft:brown_mushroom":2,"zombie_extreme:raw_tin":4,"biomesoplenty:jacaranda_fence_gate":4,"biomesoplenty:jacaranda_sapling":24,"apocalypsenow:radio":2,"minecraft:crimson_trapdoor":18,"create:schematic_table":2,"apocalypsenow:medical_box":1,"extinction:riot_shieldii":1,"minecraft:red_bed":2,"biomesoplenty:jacaranda_fence":1,"minecraft:moss_carpet":3,"projectvibrantjourneys:reeds":2,"minecraft:item_frame":7,"tacz:ammo":222,"apocalypsenow:cigarettes":1,"biomesoplenty:jacaranda_slab":139,"minecraft:cracked_stone_bricks":44,"apocalypsenow:construction_boots":2,"apocalypsenow:serrated_machete":1,"create:haunted_bell":3,"apocalypsenow:canned_beans":7,"minecraft:oak_boat":1,"apocalypsenow:can":2,"minecraft:jungle_sapling":24,"minecraft:iron_nugget":129,"minecraft:poppy":20,"minecraft:sugar_cane":10,"minecraft:chest":1,"minecraft:birch_sapling":2,"minecraft:spruce_trapdoor":1,"apocalypsenow:engineering_parts":52,"minecraft:egg":9,"apocalypsenow:broken_radio":2,"minecraft:glow_item_frame":2,"minecraft:copper_ingot":63,"projectvibrantjourneys:bark_mushroom":3,"immersive_weathering:biomesoplenty/jacaranda_bark":50,"minecraft:bowl":1,"zombiekit:canned_fish_in_black_bean_sauce":1,"extinction:pipe":1,"minecraft:spruce_fence":18,"create:windmill_bearing":1,"apocalypsenow:bulletproof_vest_chestplate":1,"mcrowners_flashlight:flashlight":1,"minecraft:quartz_pillar":16,"apocalypsenow:pipe_wrench":1,"minecraft:jungle_fence_gate":9,"minecraft:redstone":34,"biomesoplenty:jacaranda_trapdoor":6,"biomesoplenty:jacaranda_log":45,"modernlife:turntable":1,"apocalypsenow:black_football_armor_helmet":1,"minecraft:gold_ingot":31,"zombie_island:caustic_x_bucket":1,"minecraft:skeleton_skull":2,"immersive_weathering:weathered_iron_trapdoor":25,"create:iron_sheet":12,"extinction:bottle_water":5,"minecraft:jungle_boat":2,"minecraft:leather":38,"apocalypsenow:morphine":1,"minecraft:brown_concrete":2,"minecraft:oak_log":243,"minecraft:lily_pad":18,"biomesoplenty:jacaranda_planks":68,"minecraft:paper":10,"minecraft:cut_copper_slab":7,"zombie_extreme:dead_body":2,"extinction:butcher_knife":1,"modernlife:bicycle_item":2,"minecraft:apple":16,"minecraft:stone_bricks":47,"mcwwindows:oak_plank_pane_window":4,"minecraft:iron_ingot":237,"apocalypsenow:money":5,"zombie_extreme:barbed_fence":30,"minecraft:oak_fence_gate":4,"minecraft:cobweb":1,"apocalypsenow:saw":1,"zombie_extreme:vending_machine":1,"zombie_extreme:medicine_box":1,"zombie_extreme:cloth":1,"zombie_extreme:fridge":2,"minecraft:gray_bed":1,"zombie_extreme:canned_fruit":1,"zombie_extreme:spotlight":2,"create:mechanical_saw":1,"minecraft:book":7,"projectvibrantjourneys:light_brown_bark_mushroom":3,"minecraft:sweet_berries":4,"minecraft:quartz":4,"minecraft:dandelion":1,"minecraft:lava_bucket":1,"minecraft:amethyst_shard":4,"apocalypsenow:homemadeantibiotics":1,"apocalypsenow:cards":2,"minecraft:white_bed":9,"minecraft:spruce_log":1,"biomesoplenty:jacaranda_leaves":128,"create:turntable":1,"mcwwindows:quartz_pane_window":1,"tacz:modern_kinetic_gun":4,"minecraft:exposed_cut_copper_slab":3,"immersive_weathering:mulch_block":4,"projectvibrantjourneys:orange_bark_mushroom":2,"minecraft:black_wool":2,"minecraft:coal":2},"minecraft:dropped":{"minecraft:oak_log":1,"apocalypsenow:broken_radio":1,"minecraft:cracked_stone_bricks":4,"legendarysurvivaloverhaul:morphine":1,"minecraft:rail":6,"lrarmor:joker_helmet":1,"immersive_weathering:weathered_iron_trapdoor":24,"minecraft:snowball":8,"apocalypsenow:can":1,"immersive_weathering:rusted_iron_trapdoor":22,"apocalypsenow:glassbottle":1,"legendarysurvivaloverhaul:canteen":4,"minecraft:gold_ingot":24,"extinction:plastic":1,"minecraft:rotten_flesh":5,"minecraft:azure_bluet":1,"minecraft:poppy":2,"zombie_island:caustic_x_bucket":1,"minecraft:iron_bars":338,"minecraft:bread":7,"minecraft:iron_ingot":75,"minecraft:wheat_seeds":1,"minecraft:cobblestone":38,"immersive_weathering:exposed_iron_trapdoor":207,"minecraft:copper_ingot":27,"mekanismtools:stone_paxel":3,"minecraft:stick":4,"minecraft:cobweb":1,"minecraft:torch":1,"zombiekit:flame":1,"apocalypsenow:coins":5,"tacz:modern_kinetic_gun":2,"minecraft:string":1,"minecraft:bricks":1,"minecraft:bowl":1,"legendarysurvivaloverhaul:large_canteen":2,"minecraft:lily_of_the_valley":1,"extinction:bottle_water":1,"immersive_weathering:rusted_iron_door":2,"create:propeller":1,"minecraft:mossy_stone_bricks":1,"minecraft:stone_bricks":3,"tacz:ammo":77,"minecraft:spruce_log":1},"minecraft:custom":{"minecraft:interact_with_crafting_table":131,"minecraft:open_barrel":206,"minecraft:open_shulker_box":33,"minecraft:bell_ring":10,"minecraft:leave_game":13,"minecraft:time_since_death":45070,"minecraft:damage_resisted":481,"minecraft:sprint_one_cm":762368,"minecraft:drop":88,"minecraft:talked_to_villager":6,"minecraft:play_time":1035250,"minecraft:deaths":3,"minecraft:jump":3689,"minecraft:walk_on_water_one_cm":86676,"minecraft:interact_with_furnace":25,"minecraft:traded_with_villager":3,"minecraft:sleep_in_bed":39,"minecraft:open_enderchest":34,"minecraft:damage_dealt":18744,"minecraft:crouch_one_cm":62392,"minecraft:use_cauldron":3,"minecraft:interact_with_anvil":2,"minecraft:mob_kills":48,"minecraft:inspect_hopper":1,"minecraft:climb_one_cm":78083,"minecraft:walk_one_cm":2999157,"minecraft:sneak_time":33665,"minecraft:walk_under_water_one_cm":33127,"minecraft:boat_one_cm":500954,"minecraft:interact_with_blast_furnace":6,"minecraft:total_world_time":1035250,"minecraft:time_since_rest":16866,"minecraft:damage_taken":1852,"minecraft:damage_absorbed":386,"minecraft:swim_one_cm":30637,"minecraft:freezer_opened":1,"minecraft:fly_one_cm":530941,"minecraft:open_chest":787,"minecraft:fall_one_cm":40766}},"DataVersion":3465}