{"stats":{"minecraft:broken":{"mekanismtools:stone_paxel":11,"minecraft:iron_pickaxe":1,"minecraft:stone_pickaxe":2,"zombie_extreme:golf_club":1,"minecraft:stone_shovel":3,"lrarmor:chemical_protective_boots":1},"minecraft:used":{"minecraft:ladder":1,"minecraft:chest":10,"minecraft:brown_concrete":2,"apocalypsenow:chips":1,"create:oak_window":2,"minecraft:jungle_slab":474,"create:depot":1,"create:small_granite_bricks":1,"create:granite_pillar":3,"minecraft:lava_bucket":3,"minecraft:quartz_pillar":25,"minecraft:jungle_fence_gate":29,"minecraft:quartz_block":265,"minecraft:dark_oak_slab":1,"biomesoplenty:jacaranda_sapling":318,"create:shaft":7,"minecraft:sweet_berries":2,"minecraft:furnace":5,"minecraft:egg":8,"minecraft:potato":11,"minecraft:diorite":1,"zombie_extreme:vending_machine":2,"minecraft:composter":2,"minecraft:jungle_boat":3,"minecraft:sand":92,"blocksyouneed_luna:granite_tiles":2,"minecraft:chiseled_quartz_block":23,"biomesoplenty:jacaranda_planks":493,"projectvibrantjourneys:beach_grass":1,"modernlife:four_panel_window":1,"minecraft:polished_granite":3,"zombie_extreme:pipe":37,"zombiekit:mortar_rack":1,"minecraft:soul_lantern":6,"blocksyouneed_luna:chiseled_granite_bricks":1,"create:basin":1,"minecraft:oak_boat":1,"minecraft:compass":2,"zombie_extreme:barbed_fence":22,"minecraft:iron_bars":1,"biomesoplenty:jacaranda_fence_gate":28,"create:schematic_table":2,"create:veridium":10,"zombie_extreme:wooden_barricades":2,"minecraft:torch":350,"minecraft:light_gray_shulker_box":2,"create:turntable":1,"minecraft:brewing_stand":1,"modernlife:vinyl_siding":18,"biomesoplenty:jacaranda_slab":359,"blocksyouneed_luna:labrat_plexiglass":2,"minecraft:iron_axe":45,"minecraft:jungle_log":1,"biomesoplenty:jacaranda_log":250,"minecraft:bamboo":5,"zombie_island:caustic_x_bucket":2,"modernlife:jail_door":2,"apocalypsenow:sandbags":2,"create:belt_connector":9,"minecraft:wheat_seeds":4,"xkdeco:quartz_sand":1,"minecraft:chiseled_bookshelf":2,"minecraft:lead":36,"mekanismtools:stone_paxel":3319,"minecraft:cauldron":1,"minecraft:spruce_fence_gate":25,"apocalypsenow:canned_water":1,"minecraft:cracked_stone_bricks":1,"minecraft:mossy_cobblestone":14,"blocksyouneed_luna:granite_bricks":5,"minecraft:crimson_trapdoor":7,"minecraft:crafting_table":19,"minecraft:red_bed":3,"minecraft:white_bed":10,"mcwwindows:quartz_pane_window":36,"minecraft:oak_log":48,"apocalypsenow:radio":5,"minecraft:stripped_jungle_log":1,"extinction:butcher_knife":280,"minecraft:iron_pickaxe":64,"biomesoplenty:stripped_jacaranda_log":265,"minecraft:cobblestone":95,"minecraft:glass_pane":2,"minecraft:kelp":4,"minecraft:moss_carpet":1,"minecraft:white_concrete_powder":3,"minecraft:white_terracotta":1,"create:haunted_bell":7,"tacz:statue":6,"minecraft:jungle_planks":485,"farmersdelight:sweet_berry_cookie":23,"minecraft:glass":2,"zombie_extreme:spotlight":2,"minecraft:cyan_terracotta":1,"minecraft:quartz_slab":6,"immersive_weathering:weathered_iron_trapdoor":1,"minecraft:green_wool":17,"modernlife:six_panel_window":3,"minecraft:stone_bricks":6,"minecraft:item_frame":7,"create:cut_granite_bricks":1,"minecraft:gray_bed":2,"biomesoplenty:jacaranda_fence":21,"xkdeco:quartz_glass":6,"minecraft:end_rod":3,"minecraft:stone_pickaxe":264,"minecraft:jungle_fence":1,"minecraft:oak_planks":115,"modernlife:turntable":1,"create:mechanical_saw":12,"minecraft:shears":128,"immersive_weathering:mulch_block":8,"extinction:bottle_water":2,"minecraft:lever":1,"minecraft:light_gray_concrete":1,"minecraft:bread":59,"minecraft:string":14,"minecraft:iron_door":2,"blocksyouneed_luna:achoria":1,"minecraft:air":1,"minecraft:white_concrete":301,"biomesoplenty:jacaranda_leaves":86,"minecraft:cobweb":3,"zombie_extreme:butcher_knife":132,"zombie_extreme:metal_fence":1,"minecraft:stone_shovel":506,"tacz:gun_smith_table":1,"minecraft:spruce_planks":1,"minecraft:dirt":676,"minecraft:spruce_fence":100,"minecraft:granite":1,"mcwwindows:oak_plank_pane_window":6,"minecraft:oak_stairs":1,"biomesoplenty:jacaranda_stairs":12,"apocalypsenow:open_canned_beans":56,"minecraft:light_gray_bed":7,"biomesoplenty:burning_blossom":1,"minecraft:quartz_bricks":1,"biomesoplenty:jacaranda_door":3,"minecraft:lodestone":1,"zombie_extreme:decomposing_backpack":2,"apocalypsenow:radio_dropbox":6,"blocksyouneed_luna:tar_fluid_bucket":1,"minecraft:glow_item_frame":2,"modernlife:glass_door":3,"zombie_extreme:golf_club":1098,"biomesoplenty:jacaranda_trapdoor":55,"minecraft:apple":11,"create:windmill_bearing":2,"minecraft:jungle_stairs":95,"minecraft:stone_axe":89,"minecraft:bucket":9},"minecraft:dropped":{"apocalypsenow:broken_radio":1,"minecraft:cracked_stone_bricks":4,"minecraft:rail":6,"immersive_weathering:weathered_iron_trapdoor":24,"immersive_weathering:rusted_iron_trapdoor":22,"legendarysurvivaloverhaul:canteen":4,"minecraft:compass":1,"minecraft:iron_nugget":66,"minecraft:rotten_flesh":5,"minecraft:azure_bluet":1,"minecraft:iron_ingot":83,"minecraft:wheat_seeds":1,"minecraft:cobblestone":135,"mekanismtools:stone_paxel":3,"biomesoplenty:jacaranda_log":352,"minecraft:cobweb":1,"zombiekit:flame":1,"minecraft:string":1,"minecraft:bricks":1,"minecraft:bowl":1,"minecraft:lily_of_the_valley":1,"extinction:bottle_water":1,"immersive_weathering:rusted_iron_door":2,"create:propeller":1,"minecraft:stone_bricks":3,"tacz:ammo":77,"minecraft:oak_log":1,"legendarysurvivaloverhaul:morphine":1,"lrarmor:joker_helmet":1,"legendarysurvivaloverhaul:heart_fragment":1,"minecraft:snowball":8,"apocalypsenow:can":1,"apocalypsenow:glassbottle":1,"minecraft:gold_ingot":24,"minecraft:gravel":304,"extinction:plastic":1,"minecraft:poppy":3,"zombie_island:caustic_x_bucket":1,"create:depot":1,"minecraft:iron_bars":338,"minecraft:white_concrete_powder":928,"minecraft:bread":7,"immersive_weathering:exposed_iron_trapdoor":207,"minecraft:copper_ingot":27,"minecraft:stick":4,"minecraft:torch":1,"apocalypsenow:coins":5,"tacz:modern_kinetic_gun":2,"legendarysurvivaloverhaul:large_canteen":2,"minecraft:mossy_stone_bricks":1,"apocalypsenow:sandbags":23,"minecraft:spruce_log":1},"minecraft:mined":{"minecraft:white_bed":8,"create:andesite_casing":5,"minecraft:granite":1,"biomesoplenty:burning_blossom":1,"minecraft:crimson_trapdoor":22,"minecraft:stone_brick_wall":1,"minecraft:jungle_log":11,"minecraft:exposed_cut_copper_stairs":3,"minecraft:light_gray_bed":6,"modernlife:vinyl_siding":18,"create:belt":2,"tacz:gun_smith_table":1,"projectvibrantjourneys:reeds":2,"modernlife:four_panel_window":1,"modernlife:jail_door":2,"zombie_extreme:decomposing_backpack":2,"minecraft:fire":17,"minecraft:moss_carpet":1,"minecraft:dirt_path":13,"minecraft:oak_stairs":1,"minecraft:quartz_slab":6,"minecraft:light_gray_concrete":1,"biomesoplenty:jacaranda_trapdoor":8,"zombie_extreme:birdsnest":2,"create:veridium":27,"create:limestone":1,"minecraft:tripwire":13,"immersive_weathering:oak_leaf_pile":661,"zombie_extreme:washing_machine":1,"biomesoplenty:jacaranda_leaves":143,"modernlife:glass_door":2,"minecraft:red_bed":4,"create:small_granite_bricks":1,"biomesoplenty:jacaranda_planks":241,"minecraft:torch":29,"minecraft:blast_furnace":1,"zombie_extreme:medicine_box":1,"projectvibrantjourneys:fallen_leaves":31,"minecraft:sugar_cane":5,"minecraft:bricks":25,"minecraft:skeleton_skull":3,"create:basin":1,"minecraft:white_terracotta":3,"zombiekit:barbed_wire":4,"zombie_extreme:metal_fence":3,"minecraft:wheat":4,"zombie_extreme:ore_ruby":2,"zombie_extreme:concrete_fence":3,"minecraft:grass":299,"projectvibrantjourneys:short_grass":109,"minecraft:oak_fence_gate":4,"immersive_weathering:weathered_iron_trapdoor":28,"minecraft:stonecutter":1,"minecraft:brown_concrete":3,"minecraft:mossy_cobblestone":27,"immersive_weathering:biomesoplenty/jacaranda_leaf_pile":39,"projectvibrantjourneys:rocks":5,"immersive_weathering:birch_leaf_pile":20,"minecraft:spruce_fence":20,"minecraft:jungle_planks":21,"zombie_extreme:iron_table":1,"zombie_extreme:dead_body":2,"minecraft:white_concrete_powder":3,"immersive_weathering:mossy_bricks":1,"biomesoplenty:jacaranda_log":46,"minecraft:redstone_ore":5,"create:shaft":7,"immersive_weathering:charred_log":1,"minecraft:andesite":105,"projectvibrantjourneys:beach_grass":1,"minecraft:vine":8,"xkdeco:quartz_glass":6,"minecraft:rail":51,"biomesoplenty:jacaranda_door":2,"minecraft:bamboo":19,"blocksyouneed_luna:granite_bricks":5,"minecraft:green_wool":7,"minecraft:glass_pane":2,"minecraft:lily_of_the_valley":19,"minecraft:dandelion":1,"projectvibrantjourneys:mossy_rocks":2,"immersive_weathering:jungle_leaf_pile":152,"xkdeco:quartz_sand":1,"minecraft:tall_grass":9,"minecraft:diorite":1,"horror_element_mod:trapped_leg":1,"create:mechanical_saw":8,"minecraft:cut_copper_slab":7,"minecraft:cobblestone_wall":1,"zombie_extreme:ore_tin":4,"minecraft:quartz_pillar":51,"minecraft:cobweb":41,"minecraft:spruce_fence_gate":5,"minecraft:stone_bricks":47,"minecraft:chipped_anvil":2,"projectvibrantjourneys:oak_hollow_log":4,"minecraft:iron_trapdoor":2,"minecraft:fern":15,"immersive_weathering:rusted_iron_door":2,"minecraft:spruce_planks":1,"minecraft:jungle_slab":13,"minecraft:sculk_vein":12,"create:granite_pillar":3,"minecraft:brewing_stand":1,"minecraft:spruce_trapdoor":1,"minecraft:grass_block":791,"minecraft:white_concrete":13,"biomesoplenty:jacaranda_stairs":8,"zombie_extreme:shelf":2,"apocalypsenow:dropboxcommon":4,"minecraft:composter":2,"minecraft:smooth_stone":40,"minecraft:iron_ore":3,"zombiekit:gas_tank":3,"mcwwindows:quartz_pane_window":4,"blocksyouneed_luna:labrat_plexiglass":2,"minecraft:azure_bluet":21,"modernlife:six_panel_window":3,"immersive_weathering:loam":12,"minecraft:iron_bars":28,"projectvibrantjourneys:cattail":1,"apocalypsenow:medicalairdropbox":2,"minecraft:quartz_block":84,"minecraft:cyan_terracotta":1,"biomesoplenty:jacaranda_slab":131,"minecraft:soul_lantern":7,"minecraft:chiseled_quartz_block":7,"minecraft:jungle_stairs":3,"minecraft:poppy":13,"minecraft:chest":3,"zombie_extreme:barbed_fence":21,"zombiekit:barbed_wire_broken":11,"minecraft:cobblestone":121,"create:cut_granite_bricks":1,"minecraft:oak_planks":87,"minecraft:iron_door":2,"minecraft:wall_torch":12,"minecraft:cauldron":1,"horror_element_mod:spiked_villager":1,"minecraft:exposed_cut_copper_slab":3,"mcwwindows:oak_plank_pane_window":4,"minecraft:smooth_stone_slab":5,"minecraft:oak_log":9,"immersive_weathering:mulch_block":4,"minecraft:sand":78,"minecraft:dirt":200,"minecraft:oak_leaves":48,"blocksyouneed_luna:chiseled_granite_bricks":1,"create:oak_window":2,"biomesoplenty:jacaranda_fence":1,"immersive_weathering:exposed_iron_trapdoor":146,"minecraft:glow_lichen":1,"minecraft:lever":2,"minecraft:ladder":1,"minecraft:chiseled_bookshelf":2,"create:depot":2,"zombie_extreme:trash_bucket":1,"minecraft:spruce_leaves":4,"biomesoplenty:jacaranda_sapling":9,"minecraft:rooted_dirt":11,"minecraft:furnace":4,"zombie_extreme:wooden_barricades":6,"minecraft:light_gray_shulker_box":2,"zombie_extreme:spotlight":1,"treechop:chopped_log":58,"create:windmill_bearing":1,"minecraft:stripped_jungle_log":2,"blocksyouneed_luna:achoria":1,"immersive_weathering:ivy":2,"zombie_extreme:fridge":2,"minecraft:stone":20,"minecraft:jungle_fence_gate":9,"zombie_extreme:vending_machine":1,"blocksyouneed_luna:granite_tiles":2,"biomesoplenty:jacaranda_fence_gate":4,"zombiekit:barbed_wire_extremly_broken":1,"minecraft:cut_copper_stairs":4,"modernlife:turntable":1,"minecraft:snow_block":76,"minecraft:polished_granite":3,"minecraft:oak_fence":6,"minecraft:crafting_table":13,"create:haunted_bell":7,"immersive_weathering:soot":1,"immersive_weathering:rooted_grass_block":2,"minecraft:andesite_wall":2,"biomesoplenty:stripped_jacaranda_log":87,"minecraft:quartz_bricks":1,"biomesoplenty:sprout":4,"biomesoplenty:huge_clover_petal":4,"minecraft:lily_pad":9,"minecraft:sculk":1,"create:schematic_table":2,"minecraft:sweet_berry_bush":1,"apocalypsenow:sandbags":2,"minecraft:gray_bed":3,"create:turntable":1,"minecraft:coal_ore":4,"minecraft:end_rod":3,"minecraft:cracked_stone_bricks":46,"minecraft:polished_andesite":48,"minecraft:mossy_stone_bricks":33,"immersive_weathering:rusted_iron_trapdoor":25},"minecraft:crafted":{"minecraft:jungle_fence_gate":20,"create:small_granite_bricks":1,"minecraft:glass":10,"blocksyouneed_luna:granite_bricks":1,"modernlife:four_panel_window":1,"minecraft:chiseled_quartz_block":26,"biomesoplenty:jacaranda_trapdoor":60,"biomesoplenty:jacaranda_stairs":132,"blocksyouneed_luna:granite_tiles":1,"minecraft:emerald":3,"minecraft:jungle_boat":1,"biomesoplenty:jacaranda_fence_gate":24,"minecraft:campfire":1,"mcwwindows:window_base":52,"minecraft:iron_pickaxe":1,"minecraft:iron_block":14,"minecraft:light_gray_dye":7,"minecraft:spruce_fence_gate":27,"mcwwindows:quartz_pane_window":40,"minecraft:stone_shovel":18,"minecraft:iron_nugget":1,"legendarysurvivaloverhaul:canteen":9,"blocksyouneed_luna:shale":1,"blocksyouneed_luna:chiseled_granite_bricks":1,"minecraft:spruce_fence":87,"minecraft:stone_pickaxe":19,"biomesoplenty:jacaranda_door":6,"minecraft:quartz_slab":36,"minecraft:jungle_fence":6,"minecraft:lead":16,"create:windmill_bearing":1,"modernlife:six_panel_window":1,"create:granite_pillar":1,"minecraft:wheat":125,"immersive_weathering:mulch_block":4,"minecraft:dried_kelp":47,"apocalypsenow:open_canned_beans":56,"minecraft:polished_granite":1,"sophisticatedbackpacks:gold_backpack":1,"xkdeco:quartz_glass":4,"minecraft:jungle_slab":528,"modernlife:turntable":1,"minecraft:white_bed":1,"create:shaft":8,"minecraft:oak_planks":68,"minecraft:quartz_bricks":1,"mcwwindows:hammer":1,"minecraft:quartz_pillar":4,"minecraft:chest":9,"create:cut_granite_bricks":1,"minecraft:jungle_stairs":120,"minecraft:quartz_stairs":12,"create:turntable":1,"sophisticatedbackpacks:backpack":1,"biomesoplenty:jacaranda_planks":870,"minecraft:crafting_table":9,"minecraft:spruce_planks":178,"create:mechanical_saw":5,"tacz:ammo_box":3,"xkdeco:quartz_sand":4,"mekanismtools:stone_paxel":13,"biomesoplenty:jacaranda_slab":300,"biomesoplenty:jacaranda_fence":27,"minecraft:charcoal":1,"minecraft:stick":76,"minecraft:iron_ingot":39,"minecraft:snow_block":64,"zombiekit:mortar_rack":2,"apocalypsenow:pack_of_canned_beans":20,"mcwwindows:oak_plank_pane_window":8,"minecraft:furnace":2,"create:schematic_table":1,"apocalypsenow:canned_beans":13,"create:oak_window":2,"minecraft:glass_pane":16,"minecraft:scaffolding":42,"minecraft:white_concrete_powder":288,"minecraft:chiseled_bookshelf":12,"tacz:statue":6,"sophisticatedbackpacks:iron_backpack":1,"create:andesite_alloy":10,"modernlife:vinyl_siding":12,"minecraft:stone_axe":8,"farmersdelight:sweet_berry_cookie":16,"minecraft:bread":54,"minecraft:air":1897,"minecraft:jungle_planks":677,"minecraft:white_wool":3,"minecraft:white_dye":36,"modernlife:glass_door":1,"minecraft:torch":77},"minecraft:picked_up":{"zombiekit:barbed_wire":3,"minecraft:oak_stairs":1,"apocalypsenow:can_opener":1,"minecraft:brewing_stand":1,"apocalypsenow:pack_of_canned_strawberry":2,"zombie_extreme:decomposing_backpack":2,"minecraft:string":68,"immersive_weathering:rusted_iron_trapdoor":22,"minecraft:shroomlight":2,"modernlife:jail_door":1,"zombie_extreme:ruby":2,"minecraft:composter":2,"apocalypsenow:canned_pork":2,"create:andesite_casing":5,"minecraft:cut_copper_stairs":4,"blocksyouneed_luna:granite_bricks":5,"apocalypsenow:glassbottle":2,"minecraft:cauldron":1,"immersive_weathering:oak_bark":4,"minecraft:light_gray_bed":7,"zombie_extreme:rotten_apple":4,"minecraft:cyan_terracotta":1,"projectvibrantjourneys:cattail":1,"minecraft:end_rod":3,"minecraft:white_terracotta":1,"minecraft:iron_bars":217,"minecraft:snowball":248,"zombiekit:gas_tank":3,"minecraft:birch_log":11,"minecraft:iron_door":3,"minecraft:jungle_log":184,"apocalypsenow:pain_killers":5,"minecraft:flint":384,"create:cut_granite_bricks":1,"legendarysurvivaloverhaul:morphine":1,"apocalypsenow:canned_tomatos":2,"minecraft:chipped_anvil":2,"minecraft:exposed_cut_copper_stairs":3,"zombie_extreme:washing_machine":1,"minecraft:stonecutter":1,"apocalypsenow:saline":3,"apocalypsenow:human_flesh":1,"blocksyouneed_luna:labrat_plexiglass":2,"create:shaft":10,"tacz:gun_smith_table":1,"create:super_glue":1,"apocalypsenow:red_football_armor_helmet":1,"immersive_weathering:exposed_iron_trapdoor":207,"mekanismtools:stone_paxel":4,"legendarysurvivaloverhaul:heart_fragment":1,"apocalypsenow:chips":1,"minecraft:ink_sac":2,"blocksyouneed_luna:achoria":1,"minecraft:quartz_bricks":1,"minecraft:polished_andesite":48,"apocalypsenow:files":7,"minecraft:lever":2,"minecraft:granite":1,"apocalypsenow:dynamite":1,"minecraft:bread":5,"minecraft:rooted_dirt":13,"minecraft:light_gray_carpet":3,"minecraft:bricks":25,"minecraft:crafting_table":12,"apocalypsenow:canned_water":1,"zombie_extreme:raw_tin":5,"biomesoplenty:jacaranda_sapling":24,"minecraft:crimson_trapdoor":21,"minecraft:red_bed":5,"tacz:ammo":222,"apocalypsenow:cigarettes":1,"biomesoplenty:jacaranda_slab":139,"minecraft:cracked_stone_bricks":44,"apocalypsenow:construction_boots":2,"apocalypsenow:serrated_machete":1,"create:haunted_bell":7,"minecraft:jungle_sapling":24,"minecraft:iron_nugget":162,"minecraft:poppy":23,"minecraft:chest":3,"minecraft:birch_sapling":2,"minecraft:egg":16,"apocalypsenow:broken_radio":2,"minecraft:glow_item_frame":2,"create:small_granite_bricks":1,"immersive_weathering:biomesoplenty/jacaranda_bark":194,"extinction:pipe":1,"minecraft:spruce_fence":18,"apocalypsenow:bulletproof_vest_chestplate":1,"apocalypsenow:pipe_wrench":1,"minecraft:jungle_fence_gate":9,"minecraft:redstone":56,"biomesoplenty:jacaranda_log":82,"biomesoplenty:jacaranda_stairs":8,"create:depot":2,"minecraft:gold_ingot":31,"minecraft:rail":49,"immersive_weathering:weathered_iron_trapdoor":25,"create:iron_sheet":12,"minecraft:tripwire_hook":1,"mekanism:raw_lead":1,"apocalypsenow:morphine":1,"minecraft:brown_concrete":2,"minecraft:oak_log":254,"minecraft:lily_pad":21,"blocksyouneed_luna:chiseled_granite_bricks":1,"minecraft:paper":10,"extinction:butcher_knife":1,"modernlife:bicycle_item":2,"minecraft:apple":16,"minecraft:stone_bricks":47,"apocalypsenow:money":5,"minecraft:oak_fence_gate":4,"zombie_extreme:barbed_fence":30,"zombie_extreme:vending_machine":1,"minecraft:cobweb":1,"apocalypsenow:saw":1,"minecraft:gray_bed":3,"zombie_extreme:spotlight":2,"create:mechanical_saw":7,"minecraft:sweet_berries":4,"minecraft:gravel":128,"biomesoplenty:jacaranda_leaves":128,"minecraft:spruce_log":1,"apocalypsenow:cards":2,"create:granite_pillar":3,"tacz:modern_kinetic_gun":5,"immersive_weathering:mulch_block":4,"projectvibrantjourneys:orange_bark_mushroom":2,"zombie_extreme:wooden_barricades":6,"minecraft:wheat":5,"modernlife:vinyl_siding":18,"minecraft:redstone_block":2,"minecraft:iron_trapdoor":2,"minecraft:light_gray_shulker_box":2,"apocalypsenow:bloodybandages":1,"apocalypsenow:coins":5,"immersive_weathering:mossy_bricks":1,"zombie_extreme:iron_table":1,"apocalypsenow:yellow_football_armor_helmet":1,"gundurability:wd_40":1,"apocalypsenow:alcohol":6,"minecraft:smooth_stone":40,"immersive_weathering:fire":1,"minecraft:iron_pickaxe":1,"apocalypsenow:breathingfiltermodule":4,"minecraft:furnace":4,"minecraft:stick":297,"modernlife:six_panel_window":3,"apocalypsenow:electrical_scrap":1,"minecraft:oak_fence":5,"minecraft:torch":50,"zombie_extreme:concrete_fence":3,"apocalypsenow:nurse_chestplate":1,"tacz:attachment":1,"apocalypsenow:antibiotics":5,"apocalypsenow:black_face_mask":1,"minecraft:diorite":1,"zombie_island:scrap":1,"minecraft:andesite_wall":2,"minecraft:quartz_block":84,"minecraft:rotten_flesh":56,"zombiekit:barbed_wire_extremly_broken":1,"create:veridium":25,"minecraft:green_wool":7,"blocksyouneed_luna:granite_tiles":2,"minecraft:cobblestone":270,"minecraft:andesite":103,"legendarysurvivaloverhaul:large_canteen":2,"minecraft:chiseled_quartz_block":7,"minecraft:potato":8,"create:belt_connector":2,"projectvibrantjourneys:birch_hollow_log":1,"projectvibrantjourneys:oak_hollow_log":4,"minecraft:dirt":987,"minecraft:polished_granite":3,"apocalypsenow:wooden_fire_axe":1,"immersive_weathering:rusted_iron_door":2,"modernlife:four_panel_window":1,"minecraft:bone":1,"minecraft:wheat_seeds":73,"farmersdelight:sweet_berry_cookie":10,"zombie_extreme:shelf":1,"minecraft:mossy_stone_bricks":32,"modernlife:glass_door":2,"minecraft:bamboo":104,"zombie_extreme:metal_fence":4,"minecraft:oak_planks":68,"zombie_extreme:trash_bucket":1,"minecraft:sand":75,"minecraft:jungle_planks":22,"projectvibrantjourneys:beach_grass":1,"minecraft:lily_of_the_valley":23,"minecraft:jungle_slab":24,"minecraft:mossy_cobblestone":24,"zombiekit:flame":1,"minecraft:light_gray_concrete":1,"minecraft:spruce_fence_gate":5,"minecraft:soul_lantern":7,"horror_element_mod:trapped_leg":1,"minecraft:white_concrete":12,"minecraft:oak_sapling":137,"biomesoplenty:stripped_jacaranda_log":181,"minecraft:charcoal":7,"apocalypsenow:comic_book":1,"minecraft:azure_bluet":28,"minecraft:ladder":1,"legendarysurvivaloverhaul:canteen":3,"apocalypsenow:radio_dropbox":1,"minecraft:brown_mushroom":2,"minecraft:stone_brick_wall":1,"legendarysurvivaloverhaul:thermometer":1,"apocalypsenow:radio":2,"create:schematic_table":2,"biomesoplenty:jacaranda_fence_gate":4,"apocalypsenow:medical_box":1,"biomesoplenty:jacaranda_fence":1,"extinction:riot_shieldii":1,"minecraft:moss_carpet":3,"projectvibrantjourneys:reeds":2,"minecraft:quartz_slab":6,"minecraft:item_frame":7,"apocalypsenow:canned_beans":7,"minecraft:oak_boat":1,"apocalypsenow:can":2,"create:basin":1,"minecraft:sugar_cane":10,"minecraft:spruce_trapdoor":1,"apocalypsenow:engineering_parts":52,"minecraft:raw_iron":9,"minecraft:copper_ingot":63,"projectvibrantjourneys:bark_mushroom":3,"minecraft:bowl":1,"zombiekit:canned_fish_in_black_bean_sauce":1,"create:windmill_bearing":1,"mcrowners_flashlight:flashlight":1,"minecraft:quartz_pillar":51,"minecraft:stone_button":4,"apocalypsenow:sandbags":25,"biomesoplenty:jacaranda_trapdoor":6,"minecraft:jungle_stairs":2,"modernlife:turntable":1,"apocalypsenow:black_football_armor_helmet":1,"xkdeco:quartz_glass":6,"zombie_island:caustic_x_bucket":1,"minecraft:skeleton_skull":2,"extinction:bottle_water":5,"minecraft:jungle_boat":2,"minecraft:leather":38,"biomesoplenty:jacaranda_door":2,"minecraft:cobblestone_wall":1,"biomesoplenty:jacaranda_planks":206,"minecraft:cut_copper_slab":7,"zombie_extreme:dead_body":2,"immersive_weathering:jungle_bark":1,"mcwwindows:oak_plank_pane_window":4,"minecraft:iron_ingot":239,"zombie_extreme:medicine_box":1,"zombie_extreme:cloth":1,"zombie_extreme:fridge":2,"zombie_extreme:canned_fruit":1,"minecraft:book":7,"projectvibrantjourneys:light_brown_bark_mushroom":3,"minecraft:dandelion":1,"minecraft:quartz":4,"minecraft:lava_bucket":1,"minecraft:amethyst_shard":4,"apocalypsenow:homemadeantibiotics":1,"minecraft:blast_furnace":1,"minecraft:white_bed":9,"create:turntable":1,"mcwwindows:quartz_pane_window":4,"minecraft:stripped_jungle_log":2,"minecraft:white_concrete_powder":3,"xkdeco:quartz_sand":1,"zombiekit:barbed_wire_broken":8,"minecraft:exposed_cut_copper_slab":3,"minecraft:black_wool":6,"minecraft:coal":6},"minecraft:killed":{"extinction:soldier":2,"apocalypsenow:runner_45":4,"extinction:runner_ii":1,"zombie_extreme:infected_hazmat":1,"apocalypsenow:walker_11":2,"apocalypsenow:walker_12":1,"apocalypsenow:walker_13":1,"apocalypsenow:runner_44":2,"apocalypsenow:runner_55":1,"apocalypsenow:runner_53":1,"apocalypsenow:runner_38":1,"apocalypsenow:walker_33":1,"zombie_island:walker_4":8,"apocalypsenow:walker_4":1,"apocalypsenow:walker_9":3,"apocalypsenow:runner_36":1,"zombie_extreme:assasin_black_ops":1,"zombie_island:walker_2":1,"apocalypsenow:walker_2":2,"zombie_island:runner_1":6,"apocalypsenow:walker_29":3,"zombie_island:runner_3":2,"apocalypsenow:walker_25":1,"extinction:mercenary":1,"zombie_extreme:infected_police":1,"zombie_island:runner_2":2,"apocalypsenow:walker_24":1,"apocalypsenow:walker_6":1,"apocalypsenow:walker_1":1,"apocalypsenow:walker_3":4,"zombie_island:walker_1":1,"apocalypsenow:walker_8":1,"apocalypsenow:walker_30":3,"zombie_extreme:infected":1,"zombie_island:walker_3":6,"apocalypsenow:runner_48":1},"minecraft:custom":{"minecraft:interact_with_crafting_table":189,"minecraft:open_barrel":264,"minecraft:bell_ring":40,"minecraft:leave_game":17,"minecraft:time_since_death":9065,"minecraft:play_time":1430018,"minecraft:deaths":5,"minecraft:jump":5047,"minecraft:interact_with_furnace":46,"minecraft:traded_with_villager":3,"minecraft:sleep_in_bed":49,"minecraft:damage_dealt":29679,"minecraft:interact_with_smoker":1,"minecraft:use_cauldron":3,"minecraft:interact_with_anvil":2,"minecraft:inspect_hopper":1,"minecraft:sneak_time":48962,"minecraft:interact_with_blast_furnace":10,"minecraft:total_world_time":1430018,"minecraft:interact_with_stonecutter":5,"minecraft:time_since_rest":4350,"minecraft:swim_one_cm":30637,"minecraft:freezer_opened":1,"minecraft:fly_one_cm":702661,"minecraft:open_chest":981,"minecraft:fall_one_cm":57846,"minecraft:open_shulker_box":39,"minecraft:damage_resisted":524,"minecraft:sprint_one_cm":955679,"minecraft:drop":158,"minecraft:talked_to_villager":19,"minecraft:walk_on_water_one_cm":90969,"minecraft:open_enderchest":37,"minecraft:crouch_one_cm":87886,"minecraft:mob_kills":73,"minecraft:climb_one_cm":88310,"minecraft:walk_one_cm":4416707,"minecraft:walk_under_water_one_cm":33514,"minecraft:boat_one_cm":1037746,"minecraft:damage_taken":2471,"minecraft:damage_absorbed":1256}},"DataVersion":3465}