{"stats":{"minecraft:broken":{"mekanismtools:stone_paxel":18,"minecraft:iron_pickaxe":1,"zombiekit:rake":1,"lrarmor:joker_helmet":1,"minecraft:wooden_axe":1,"extinction:pipe":1},"minecraft:used":{"minecraft:beetroot":2,"minecraft:spruce_slab":27,"minecraft:poppy":1,"minecraft:ladder":2,"minecraft:black_carpet":15,"minecraft:chest":19,"minecraft:brown_concrete":1,"extinction:wire_fences":3,"minecraft:lava_bucket":8,"minecraft:sweet_berries":3,"minecraft:oak_sapling":3,"extinction:pipe":501,"minecraft:egg":14,"horror_element_mod:blood_1":2,"minecraft:mossy_stone_bricks":1,"minecraft:diorite":8,"minecraft:composter":1,"minecraft:clay":1,"minecraft:jungle_boat":2,"minecraft:glow_berries":9,"minecraft:sand":9,"zombie_extreme:military_cargo":1,"minecraft:pumpkin_seeds":1,"horror_element_mod:blood_2":1,"minecraft:birch_fence":2,"minecraft:zombie_head":4,"mekanismtools:iron_paxel":101,"minecraft:polished_granite":7,"minecraft:oak_pressure_plate":1,"minecraft:oak_boat":3,"create:limestone":1,"minecraft:iron_bars":6,"minecraft:stone_sword":1,"create:veridium":2,"pfm:oak_herringbone_planks":21,"zombie_extreme:wooden_barricades":5,"zombie_extreme:vodka":1,"minecraft:torch":181,"minecraft:light_gray_shulker_box":13,"minecraft:oak_fence_gate":1,"minecraft:polished_diorite":1,"minecraft:shroomlight":2,"minecraft:spruce_button":6,"minecraft:jungle_log":1,"zombie_extreme:shelf":1,"zombie_extreme:medicine_box":4,"minecraft:melon_seeds":2,"minecraft:barrel":2,"modernlife:jail_door":10,"apocalypsenow:medical_box":2,"minecraft:cobbled_deepslate":6,"zombiekit:knife":11,"minecraft:pointed_dripstone":1,"minecraft:wheat_seeds":590,"minecraft:smooth_sandstone_slab":2,"mekanismtools:stone_paxel":4498,"minecraft:mossy_cobblestone":1,"minecraft:crafting_table":9,"minecraft:red_bed":12,"minecraft:white_bed":2,"apocalypsenow:radio":13,"minecraft:diamond_pickaxe":1,"extinction:radio":1,"minecraft:oak_button":2,"minecraft:iron_pickaxe":98,"minecraft:spruce_trapdoor":4,"minecraft:green_carpet":4,"minecraft:cobblestone":50,"minecraft:potion":3,"minecraft:moss_carpet":8,"minecraft:polished_deepslate":8,"minecraft:white_terracotta":1,"minecraft:iron_sword":23,"create:haunted_bell":9,"minecraft:green_terracotta":1,"minecraft:jungle_planks":10,"minecraft:carrot":1,"farmersdelight:sweet_berry_cookie":151,"minecraft:glass":1213,"horror_element_mod:human_remains":4,"zombie_extreme:spotlight":5,"minecraft:cyan_terracotta":5,"minecraft:bricks":7,"zombie_extreme:dog_food":1,"apocalypsenow:combat_survival_knife":3,"minecraft:stone_bricks":6,"minecraft:item_frame":1,"minecraft:jungle_button":3,"minecraft:gray_bed":6,"minecraft:skeleton_skull":37,"apocalypsenow:cooked_human_flesh":12,"minecraft:oak_planks":23,"minecraft:sugar_cane":1,"blocksyouneed_luna:table_map":4,"minecraft:black_bed":1,"minecraft:shears":1,"immersive_weathering:mulch_block":7,"extinction:bottle_water":1,"minecraft:redstone_torch":3,"minecraft:daylight_detector":1,"minecraft:melon_slice":9,"minecraft:bread":10,"minecraft:string":1,"minecraft:gravel":2,"immersive_weathering:exposed_iron_bars":1,"minecraft:andesite":1,"zombiekit:rake":3,"minecraft:air":1,"minecraft:cobweb":1,"minecraft:oak_fence":32,"zombie_extreme:cleaver":2,"pfm:birch_herringbone_planks":38,"minecraft:spruce_planks":69,"zombie_extreme:canned_food":1,"minecraft:stone_hoe":6,"minecraft:oak_door":1,"minecraft:dirt":268,"minecraft:spruce_fence":28,"minecraft:andesite_wall":4,"minecraft:iron_hoe":87,"minecraft:wooden_axe":48,"minecraft:pumpkin":3,"minecraft:light_gray_bed":5,"biomesoplenty:burning_blossom":1,"extinction:riot_shieldii":1,"minecraft:snow_block":2,"zombie_extreme:decomposing_backpack":3,"minecraft:glass_bottle":45,"apocalypsenow:radio_dropbox":21,"minecraft:glow_item_frame":3,"farmersdelight:onion":6,"modernlife:jail_bars":9,"minecraft:piston":1,"minecraft:apple":1,"zombie_extreme:syringe_drug":2,"apocalypsenow:table_knife":4,"minecraft:bucket":9,"minecraft:smooth_stone":1},"minecraft:dropped":{"apocalypsenow:comic_book":1,"minecraft:crafting_table":1,"minecraft:cut_copper_slab":7,"minecraft:glow_berries":1,"create:cogwheel":2,"minecraft:cracked_stone_bricks":2,"minecraft:dirt":2,"create:haunted_bell":3,"create:goggles":1,"minecraft:sand":1703,"minecraft:sugar":2,"minecraft:iron_pickaxe":1,"legendarysurvivaloverhaul:canteen":4,"minecraft:iron_nugget":17,"minecraft:rotten_flesh":8,"apocalypsenow:bloodybandages":2,"minecraft:white_bed":1,"zombiekit:canned_fish_in_black_bean_sauce":1,"blocksyouneed_luna:aquatrine":8,"apocalypsenow:cigarette":3,"minecraft:skull_banner_pattern":1,"create:wrench":1,"minecraft:ladder":3,"extinction:riot_shieldii":1,"apocalypsenow:canned_beans":1,"minecraft:egg":5,"tacz:attachment":1,"minecraft:iron_ingot":9,"zombiekit:crowbar":1,"minecraft:cobblestone":7,"minecraft:apple":1,"minecraft:granite":2,"minecraft:spruce_button":2,"mekanismtools:stone_paxel":4,"minecraft:end_rod":2,"minecraft:lava_bucket":1,"zombie_extreme:barbed_fence":7,"biomesoplenty:jacaranda_door":1,"minecraft:smooth_sandstone_slab":4,"zombie_extreme:metal_fence":9,"minecraft:smooth_stone":6,"minecraft:paper":17,"minecraft:string":15,"minecraft:cut_copper_stairs":4,"minecraft:iron_boots":1,"extinction:wire_fences":4,"gundurability:wd_40":1,"apocalypsenow:black_face_mask":1,"extinction:bottle_water":3,"create:propeller":1,"apocalypsenow:gas_mask_helmet_helmet":1,"tacz:ammo":104,"minecraft:red_sand":64,"zombie_extreme:canned_fruit":1,"minecraft:oak_log":192,"minecraft:leather":2,"minecraft:flint":14,"minecraft:jungle_button":3,"lrarmor:joker_helmet":1,"legendarysurvivaloverhaul:heart_fragment":1,"farmersdelight:sweet_berry_cookie":10,"apocalypsenow:can":1,"apocalypsenow:strawhat_helmet":3,"extinction:butcher_knife":1,"minecraft:birch_log":193,"minecraft:gravel":77,"apocalypsenow:facemask":1,"minecraft:pointed_dripstone":1,"extinction:pipe":1,"minecraft:gunpowder":4,"minecraft:stone_brick_wall":1,"minecraft:iron_bars":15,"create:andesite_alloy":2,"apocalypsenow:human_flesh":1,"minecraft:water_bucket":1,"minecraft:bread":5,"zombie_extreme:combat_armor_leggings":1,"minecraft:mossy_cobblestone":2,"immersive_weathering:enchanted_golden_moss_clump":1,"minecraft:stick":3,"legendarysurvivaloverhaul:healing_herbs":50,"minecraft:torch":51,"legendarysurvivaloverhaul:thermometer":2,"minecraft:iron_door":1,"zombie_extreme:night_vision_glasses_helmet":1,"apocalypsenow:coins":1,"tacz:modern_kinetic_gun":3,"minecraft:bucket":1,"minecraft:redstone_block":2,"minecraft:polished_deepslate":1,"minecraft:nether_wart":1,"zombie_extreme:dog_food":1,"legendarysurvivaloverhaul:large_canteen":1,"minecraft:flint_and_steel":1,"minecraft:oak_boat":1,"minecraft:oak_sapling":5,"apocalypsenow:sandbags":23},"minecraft:mined":{"minecraft:white_bed":1,"minecraft:jungle_leaves":2,"biomesoplenty:burning_blossom":1,"minecraft:granite":31,"minecraft:crimson_trapdoor":7,"minecraft:stone_brick_wall":1,"minecraft:jungle_log":1,"horror_element_mod:bloody_tombstone":7,"minecraft:light_gray_bed":6,"minecraft:oxeye_daisy":1,"minecraft:spawner":7,"projectvibrantjourneys:reeds":1,"modernlife:jail_door":7,"minecraft:barrel":21,"minecraft:cobbled_deepslate":3,"zombie_extreme:decomposing_backpack":3,"minecraft:fire":2,"zombie_extreme:ore_steel":6,"minecraft:moss_carpet":2,"minecraft:pumpkin":21,"minecraft:deepslate_lapis_ore":1,"minecraft:cave_vines":30,"minecraft:dirt_path":39,"minecraft:oak_stairs":2,"minecraft:green_carpet":4,"minecraft:smooth_sandstone_stairs":5,"create:veridium":38,"create:limestone":1,"minecraft:tripwire":15,"immersive_weathering:oak_leaf_pile":195,"horror_element_mod:spiked_body":1,"minecraft:jungle_button":2,"biomesoplenty:jacaranda_leaves":1,"mekanism:osmium_ore":8,"horror_element_mod:impaled_skeleton":1,"minecraft:red_bed":14,"horror_element_mod:dead_pig":1,"legendarysurvivaloverhaul:water_plant_crop":1,"immersive_weathering:spruce_leaf_pile":30,"minecraft:smoker":1,"immersive_weathering:exposed_iron_bars":42,"minecraft:torch":11,"extinction:corpse_ii":1,"minecraft:blast_furnace":3,"minecraft:melon":6,"mekanism:tin_ore":8,"minecraft:glass":9,"zombie_extreme:medicine_box":4,"projectvibrantjourneys:fallen_leaves":10,"minecraft:sugar_cane":3,"minecraft:bricks":9,"minecraft:smooth_sandstone_slab":4,"minecraft:amethyst_block":1,"minecraft:skeleton_skull":7,"zombie_extreme:metal_fence":3,"zombie_extreme:thorium_ore":1,"minecraft:wheat":583,"zombie_extreme:ore_ruby":1,"minecraft:copper_block":4,"minecraft:grass":196,"projectvibrantjourneys:short_grass":48,"mekanism:lead_ore":10,"horror_element_mod:blood_1":2,"extinction:floodlight_ii":1,"extinction:radio":1,"minecraft:piston":31,"minecraft:deepslate":7,"create:zinc_ore":27,"minecraft:brown_concrete":2,"minecraft:mossy_cobblestone":8,"farmersdelight:wild_carrots":1,"projectvibrantjourneys:rocks":3,"immersive_weathering:birch_leaf_pile":25,"minecraft:spruce_fence":16,"minecraft:jungle_planks":15,"horror_element_mod:atmosphere_block":1,"farmersdelight:wild_onions":2,"minecraft:redstone_ore":4,"minecraft:jungle_sapling":1,"zombie_extreme:ore_lead":2,"extinction:barrel":1,"minecraft:snow":3,"minecraft:green_terracotta":1,"minecraft:andesite":21,"minecraft:vine":3,"minecraft:rail":26,"immersive_weathering:grassy_sandy_dirt":5,"immersive_weathering:silt":4,"minecraft:bamboo":1,"minecraft:oak_slab":25,"minecraft:glass_pane":2,"minecraft:lily_of_the_valley":16,"extinction:wire_fences":7,"minecraft:dandelion":8,"minecraft:cornflower":3,"minecraft:spruce_button":5,"immersive_weathering:jungle_leaf_pile":51,"projectvibrantjourneys:mossy_rocks":2,"minecraft:tall_grass":13,"minecraft:copper_ore":15,"blocksyouneed_luna:sodalite_metal_crossform":1,"minecraft:diorite":23,"horror_element_mod:trapped_leg":1,"zombie_extreme:ore_tin":8,"minecraft:cobblestone_wall":17,"projectvibrantjourneys:birch_hollow_log":4,"projectvibrantjourneys:sandy_sprouts":1,"minecraft:zombie_head":4,"minecraft:gravel":28,"mekanism:deepslate_fluorite_ore":10,"minecraft:cobweb":62,"minecraft:stone_bricks":12,"minecraft:gold_ore":10,"projectvibrantjourneys:oak_hollow_log":3,"blocksyouneed_luna:sodalite":5,"minecraft:fern":3,"minecraft:spruce_planks":54,"minecraft:oak_sapling":1,"minecraft:spruce_trapdoor":5,"minecraft:cave_vines_plant":22,"minecraft:grass_block":429,"minecraft:white_concrete":9,"zombie_extreme:shelf":1,"minecraft:polished_diorite":1,"apocalypsenow:dropboxcommon":9,"blocksyouneed_luna:aquatrine_sand_ore":8,"minecraft:composter":1,"farmersdelight:wild_rice":1,"minecraft:iron_ore":15,"minecraft:black_carpet":11,"blocksyouneed_luna:labrat_plexiglass":1,"immersive_weathering:charred_planks":1,"minecraft:azure_bluet":11,"minecraft:skeleton_wall_skull":9,"minecraft:iron_bars":229,"immersive_weathering:loam":7,"horror_element_mod:crucified_body":1,"extinction:barrierii":4,"minecraft:spruce_slab":10,"projectvibrantjourneys:cattail":2,"horror_element_mod:slashed_skull":1,"apocalypsenow:medicalairdropbox":5,"minecraft:cyan_terracotta":40,"minecraft:melon_stem":2,"extinction:military_corpse_ii":1,"minecraft:clay":370,"minecraft:mossy_cobblestone_wall":4,"minecraft:poppy":14,"minecraft:chest":17,"zombie_extreme:barbed_fence":15,"minecraft:cobblestone":76,"zombie_extreme:computer_monitor":1,"minecraft:oak_planks":44,"minecraft:wall_torch":6,"minecraft:cauldron":1,"minecraft:seagrass":1,"farmersdelight:sandy_shrub":1,"minecraft:dark_oak_slab":1,"minecraft:birch_log":1,"minecraft:smooth_stone_slab":2,"minecraft:cracked_deepslate_tiles":2,"biomesoplenty:clover":1,"minecraft:oak_log":3,"immersive_weathering:mulch_block":3,"minecraft:sand":1371,"minecraft:dirt":47,"minecraft:oak_leaves":21,"minecraft:daylight_detector":1,"farmersdelight:onions":5,"minecraft:quartz_stairs":1,"blocksyouneed_luna:table_map":3,"extinction:stretcher":1,"minecraft:ladder":1,"minecraft:white_stained_glass":1,"extinction:barbed_wire":9,"blocksyouneed_luna:moonstone_uc":31,"extinction:corpse":1,"horror_element_mod:blood_2":1,"projectvibrantjourneys:sandstone_rocks":4,"minecraft:birch_slab":52,"minecraft:spruce_leaves":4,"minecraft:sandstone":1,"minecraft:rooted_dirt":5,"minecraft:oak_trapdoor":3,"zombie_extreme:wooden_barricades":5,"extinction:dualfloodlightii":1,"minecraft:light_gray_shulker_box":13,"zombie_extreme:spotlight":6,"treechop:chopped_log":21,"minecraft:polished_deepslate":8,"minecraft:bookshelf":32,"zombie_extreme:oil_shale_sand":4,"minecraft:packed_ice":7,"blocksyouneed_luna:achoria":2,"immersive_weathering:ivy":1,"extinction:sand_bags":2,"minecraft:stone":169,"zombie_extreme:ore_aluminum":6,"minecraft:podzol":10,"extinction:barrier":9,"minecraft:snow_block":36,"minecraft:brick_wall":2,"minecraft:spruce_door":1,"minecraft:polished_granite":11,"minecraft:oak_fence":24,"minecraft:crafting_table":7,"modernlife:jail_bars":1,"create:haunted_bell":8,"immersive_weathering:rooted_grass_block":2,"minecraft:rose_bush":5,"minecraft:andesite_wall":38,"biomesoplenty:huge_clover_petal":1,"biomesoplenty:sprout":3,"minecraft:lapis_ore":1,"minecraft:red_concrete":4,"horror_element_mod:impaled_head":1,"farmersdelight:wild_beetroots":5,"minecraft:spruce_stairs":3,"minecraft:polished_blackstone_slab":1,"minecraft:sweet_berry_bush":3,"minecraft:gray_bed":5,"horror_element_mod:human_remains":5,"minecraft:coal_ore":36,"minecraft:end_rod":2,"minecraft:cracked_stone_bricks":7,"minecraft:mossy_stone_bricks":1,"minecraft:birch_fence":3},"minecraft:killed_by":{"minecraft:zombie":6,"zombie_island:walker_1":1,"minecraft:player":4,"extinction:hunter":1},"minecraft:crafted":{"minecraft:jungle_button":4,"minecraft:smooth_stone":1,"sophisticatedbackpacks:crafting_upgrade":1,"minecraft:glass":50,"apocalypsenow:handlegripp":2,"mekanism:ingot_tin":6,"pfm:birch_herringbone_planks":12,"minecraft:copper_ingot":70,"minecraft:sticky_piston":1,"minecraft:hay_block":77,"mekanism:ingot_lead":7,"minecraft:iron_block":12,"legendarysurvivaloverhaul:purified_water_bottle":44,"apocalypsenow:shotgun_belt":1,"legendarysurvivaloverhaul:thermometer":3,"pfm:oak_herringbone_planks":6,"minecraft:stone_shovel":20,"legendarysurvivaloverhaul:canteen":5,"blocksyouneed_luna:shale":19,"sophisticatedbackpacks:stack_upgrade_tier_1":1,"minecraft:spruce_fence":12,"apocalypsenow:plague_mask_helmet":1,"minecraft:spruce_slab":66,"minecraft:stone_pickaxe":16,"minecraft:wheat":31,"minecraft:coal_block":16,"immersive_weathering:mulch_block":4,"farmersdelight:onion_crate":1,"minecraft:dried_kelp":8,"apocalypsenow:ducttape":2,"sophisticatedbackpacks:gold_backpack":1,"minecraft:orange_dye":1,"minecraft:oak_fence_gate":1,"apocalypsenow:cooked_human_flesh":14,"minecraft:iron_shovel":1,"minecraft:white_bed":2,"minecraft:oak_planks":40,"mekanismtools:iron_paxel":1,"minecraft:stone":1,"minecraft:chest":6,"minecraft:oak_button":4,"minecraft:copper_block":1,"minecraft:oak_fence":24,"zombie_extreme:ignot_aluminum":4,"zombie_extreme:ignotlead":1,"sophisticatedbackpacks:backpack":2,"minecraft:map":1,"minecraft:crafting_table":5,"minecraft:spruce_planks":12,"minecraft:pumpkin_seeds":4,"sophisticatedbackpacks:upgrade_base":3,"mekanismtools:stone_paxel":20,"minecraft:yellow_dye":1,"apocalypsenow:strawhat_helmet":1,"minecraft:stick":16,"minecraft:snow_block":42,"minecraft:black_bed":1,"minecraft:shears":1,"blocksyouneed_luna:table_map":1,"minecraft:oak_door":3,"minecraft:redstone":1,"minecraft:coal":1,"minecraft:spruce_button":8,"zombie_extreme:ignot_thorium":1,"sophisticatedbackpacks:stack_upgrade_starter_tier":1,"minecraft:iron_axe":1,"sophisticatedbackpacks:iron_backpack":1,"minecraft:cooked_beef":3,"minecraft:sugar":2,"minecraft:red_dye":1,"apocalypsenow:cigarette":10,"legendarysurvivaloverhaul:healing_herbs":71,"minecraft:iron_sword":1,"apocalypsenow:harpoon":1,"minecraft:bucket":1,"minecraft:stone_axe":17,"farmersdelight:sweet_berry_cookie":144,"minecraft:bread":4,"minecraft:air":755,"sophisticatedbackpacks:pickup_upgrade":1,"legendarysurvivaloverhaul:large_canteen":1,"minecraft:white_wool":6,"minecraft:torch":115,"create:zinc_ingot":24,"minecraft:clay":370},"minecraft:picked_up":{"minecraft:flower_pot":9,"minecraft:lead":4,"create:wrench":1,"minecraft:amethyst_block":1,"zombie_extreme:decomposing_backpack":2,"minecraft:polished_deepslate":8,"minecraft:string":53,"minecraft:shroomlight":2,"modernlife:jail_door":17,"minecraft:beetroot":2,"minecraft:cobbled_deepslate":8,"minecraft:spruce_planks":82,"minecraft:melon_slice":66,"zombie_extreme:ruby":1,"zombie_extreme:raw_aluminum":4,"horror_element_mod:slashed_skull":1,"minecraft:composter":1,"minecraft:brick_wall":2,"zombiekit:knife":1,"apocalypsenow:glassbottle":2,"zombie_extreme:pill_night_vision":1,"minecraft:green_terracotta":4,"mekanism:raw_tin":8,"modernlife:jail_bars":9,"zombiekit:compressed_biscuit":1,"apocalypsenow:nurse_leggings":1,"minecraft:stone_sword":1,"minecraft:light_gray_bed":5,"farmersdelight:onion":23,"extinction:rusty_axe":1,"minecraft:cyan_terracotta":40,"lrarmor:scout_chestplate":1,"projectvibrantjourneys:cattail":1,"minecraft:end_rod":2,"minecraft:white_terracotta":2,"minecraft:snowball":163,"minecraft:iron_bars":223,"minecraft:birch_log":137,"farmersdelight:rice":1,"minecraft:iron_door":1,"minecraft:birch_slab":51,"minecraft:jungle_log":37,"extinction:military_corpse_ii":1,"apocalypsenow:pain_killers":2,"minecraft:smoker":1,"immersive_weathering:silt":4,"minecraft:flint":65,"zombiekit:rake":2,"extinction:radio":1,"apocalypsenow:human_flesh":44,"blocksyouneed_luna:labrat_plexiglass":1,"create:goggles":1,"apocalypsenow:red_football_armor_helmet":1,"zombie_extreme:canned_beans":2,"apocalypsenow:cellphone":3,"extinction:barrel":1,"extinction:corpse_ii":1,"mekanismtools:stone_paxel":25,"blocksyouneed_luna:table_map":3,"extinction:stretcher":1,"blocksyouneed_luna:achoria":2,"minecraft:barrel":21,"minecraft:lever":5,"minecraft:granite":31,"zombie_extreme:raw_thorium":1,"minecraft:spruce_button":7,"minecraft:bread":8,"minecraft:rooted_dirt":7,"minecraft:light_gray_carpet":11,"minecraft:bricks":9,"minecraft:crafting_table":8,"blocksyouneed_luna:moonstone_uc":31,"minecraft:clay_ball":1480,"minecraft:crimson_trapdoor":7,"create:propeller":1,"minecraft:cornflower":3,"minecraft:red_bed":15,"minecraft:compass":2,"tacz:ammo":230,"lrarmor:joker_helmet":5,"apocalypsenow:cigarettes":1,"minecraft:cracked_stone_bricks":9,"extinction:chips":2,"apocalypsenow:construction_boots":1,"minecraft:beef":3,"create:haunted_bell":12,"minecraft:jungle_sapling":7,"minecraft:poppy":15,"minecraft:spruce_slab":59,"minecraft:quartz_stairs":1,"minecraft:chest":17,"minecraft:birch_sapling":3,"minecraft:piston":31,"minecraft:egg":21,"minecraft:sandstone":1,"minecraft:stone":63,"minecraft:glow_item_frame":3,"extinction:pipe":1,"minecraft:spruce_fence":16,"zombie_extreme:dog_food":2,"minecraft:carrot":1,"horror_element_mod:impaled_head":1,"minecraft:beetroot_seeds":8,"apocalypsenow:scrapmetal":8,"minecraft:gold_ingot":24,"minecraft:glow_berries":10,"zombiekit:fire_axe":1,"apocalypsenow:suturekit":4,"minecraft:oxeye_daisy":1,"zombie_extreme:frying_pan":1,"mekanism:raw_lead":7,"minecraft:red_mushroom":1,"apocalypsenow:morphine":1,"minecraft:filled_map":2,"minecraft:oak_log":223,"minecraft:brown_concrete":2,"minecraft:lily_pad":41,"minecraft:jungle_button":8,"projectvibrantjourneys:sea_oats":2,"minecraft:paper":20,"extinction:floodlight_ii":1,"zombie_extreme:raw_lead":1,"apocalypsenow:watch":3,"apocalypsenow:canned_corn":1,"apocalypsenow:cooked_human_flesh":9,"legendarysurvivaloverhaul:water_plant_bag":4,"create:crushing_wheel":2,"modernlife:bicycle_item":3,"minecraft:apple":3,"minecraft:stone_bricks":12,"minecraft:kelp":1,"horror_element_mod:bloody_tombstone":7,"apocalypsenow:money":4,"zombie_extreme:barbed_fence":9,"minecraft:cobweb":11,"legendarysurvivaloverhaul:water_plant_seeds":4,"minecraft:gray_bed":6,"zombie_extreme:spotlight":5,"minecraft:flowering_azalea":1,"minecraft:dark_oak_slab":1,"minecraft:sweet_berries":77,"minecraft:daylight_detector":1,"minecraft:gravel":10,"minecraft:spruce_sapling":10,"minecraft:spruce_log":24,"minecraft:polished_diorite":1,"tacz:modern_kinetic_gun":5,"immersive_weathering:mulch_block":3,"projectvibrantjourneys:orange_bark_mushroom":4,"minecraft:melon_seeds":1,"zombie_extreme:wooden_barricades":5,"minecraft:wheat":535,"biomesoplenty:burning_blossom":2,"minecraft:black_carpet":44,"minecraft:redstone_block":2,"minecraft:light_gray_shulker_box":13,"apocalypsenow:bloodybandages":1,"apocalypsenow:adrenaline_syringe":1,"apocalypsenow:coins":43,"minecraft:potion":1,"horror_element_mod:blood_1":2,"minecraft:nether_brick":3,"extinction:wire_fences":11,"minecraft:raw_copper":22,"extinction:fabric":2,"minecraft:smooth_stone_slab":2,"apocalypsenow:bloodsyringe":3,"minecraft:zombie_head":4,"minecraft:red_sand":64,"minecraft:bucket":3,"minecraft:rose_bush":5,"minecraft:redstone_torch":6,"apocalypsenow:strawhat_helmet":3,"minecraft:iron_pickaxe":1,"zombie_extreme:oil_shale":4,"minecraft:stick":101,"apocalypsenow:firstaidbook":1,"apocalypsenow:electrical_scrap":1,"minecraft:oak_fence":17,"minecraft:torch":115,"extinction:barrier":9,"minecraft:spruce_stairs":3,"zombie_extreme:combat_armor_leggings":1,"lrarmor:atf_chestplate":2,"minecraft:pointed_dripstone":2,"minecraft:diorite":19,"minecraft:andesite_wall":38,"minecraft:rotten_flesh":104,"extinction:barrierii":4,"blocksyouneed_luna:aquatrine":16,"minecraft:cobblestone":370,"zombiekit:standard_tactical_leggings":1,"minecraft:andesite":20,"legendarysurvivaloverhaul:large_canteen":1,"immersive_weathering:sandy_dirt":5,"minecraft:potato":12,"projectvibrantjourneys:birch_hollow_log":4,"blocksyouneed_luna:sodalite_metal_crossform":1,"create:raw_zinc":25,"minecraft:smooth_sandstone_stairs":5,"projectvibrantjourneys:oak_hollow_log":3,"projectvibrantjourneys:rocks":1,"minecraft:dirt":268,"minecraft:polished_granite":20,"minecraft:glass":1248,"minecraft:bone":8,"minecraft:wheat_seeds":1531,"farmersdelight:sweet_berry_cookie":48,"zombie_extreme:shelf":1,"minecraft:mossy_stone_bricks":1,"minecraft:bamboo":30,"zombie_extreme:metal_fence":10,"minecraft:oak_planks":36,"extinction:corpse":1,"zombiekit:standard_tactical_boots":1,"zombie_extreme:night_vision_glasses_helmet":2,"minecraft:oak_pressure_plate":1,"minecraft:polished_blackstone_slab":1,"minecraft:jungle_planks":30,"minecraft:sand":1919,"projectvibrantjourneys:beach_grass":12,"minecraft:lily_of_the_valley":18,"minecraft:mossy_cobblestone":5,"apocalypsenow:meat_hammer":1,"horror_element_mod:blood_2":1,"minecraft:polished_blackstone_button":2,"horror_element_mod:trapped_leg":1,"minecraft:bone_meal":3,"minecraft:white_concrete":1,"minecraft:oak_sapling":52,"marbledsarsenal:riot_armor_boots":1,"minecraft:charcoal":128,"minecraft:allium":7,"apocalypsenow:comic_book":12,"minecraft:azure_bluet":14,"apocalypsenow:radio_dropbox":1,"minecraft:ladder":1,"legendarysurvivaloverhaul:canteen":5,"extinction:dualfloodlightii":1,"minecraft:stone_brick_wall":1,"immersive_weathering:exposed_iron_bars":34,"apocalypsenow:radio":1,"apocalypsenow:medical_box":1,"minecraft:brick":4,"minecraft:oak_trapdoor":3,"extinction:riot_shieldii":3,"minecraft:moss_carpet":8,"minecraft:item_frame":1,"minecraft:birch_fence":3,"minecraft:mossy_cobblestone_wall":4,"apocalypsenow:canned_beans":11,"minecraft:oak_boat":4,"apocalypsenow:can":2,"minecraft:sugar_cane":8,"minecraft:spruce_trapdoor":5,"projectvibrantjourneys:bark_mushroom":2,"zombiekit:canned_fish_in_black_bean_sauce":1,"minecraft:quartz_pillar":1,"minecraft:cookie":2,"minecraft:iron_horse_armor":1,"minecraft:stone_pressure_plate":1,"minecraft:smooth_sandstone_slab":7,"extinction:sand_bags":2,"minecraft:saddle":1,"minecraft:skeleton_skull":16,"minecraft:cracked_deepslate_tiles":2,"extinction:bottle_water":7,"minecraft:jungle_boat":2,"zombiekit:skiing_leggings":2,"horror_element_mod:atmosphere_block":1,"zombiekit:crowbar":3,"minecraft:crimson_fungus":1,"create:andesite_alloy":2,"minecraft:gunpowder":8,"minecraft:cobblestone_wall":15,"minecraft:iron_ingot":70,"zombie_extreme:medicine_box":4,"zombie_extreme:cloth":6,"lrarmor:chemical_protective_boots":2,"minecraft:book":99,"minecraft:oak_slab":24,"minecraft:pumpkin":20,"minecraft:dandelion":8,"minecraft:lava_bucket":2,"apocalypsenow:homemadeantibiotics":4,"minecraft:blast_furnace":3,"minecraft:white_bed":1,"minecraft:green_carpet":4,"minecraft:spruce_door":1,"minecraft:pumpkin_seeds":4,"extinction:barbed_wire":9,"mekanism:fluorite_gem":27,"minecraft:black_wool":2,"minecraft:red_concrete":4,"minecraft:coal":36},"minecraft:custom":{"minecraft:interact_with_crafting_table":120,"minecraft:open_barrel":469,"minecraft:bell_ring":31,"minecraft:leave_game":19,"minecraft:time_since_death":59189,"minecraft:damage_blocked_by_shield":40,"minecraft:deaths":29,"minecraft:play_time":1413978,"minecraft:jump":6103,"minecraft:interact_with_furnace":157,"minecraft:sleep_in_bed":33,"minecraft:damage_dealt":29471,"minecraft:interact_with_smoker":3,"minecraft:interact_with_smithing_table":1,"minecraft:interact_with_anvil":1,"minecraft:sneak_time":15691,"minecraft:interact_with_blast_furnace":5,"minecraft:total_world_time":1413978,"minecraft:time_since_rest":48257,"minecraft:swim_one_cm":3678,"minecraft:freezer_opened":4,"minecraft:fly_one_cm":237222,"minecraft:open_chest":1147,"minecraft:fall_one_cm":83224,"minecraft:animals_bred":4,"minecraft:open_shulker_box":145,"minecraft:damage_resisted":80,"minecraft:sprint_one_cm":670913,"minecraft:drop":213,"minecraft:talked_to_villager":3,"minecraft:walk_on_water_one_cm":27515,"minecraft:interact_with_loom":1,"minecraft:open_enderchest":125,"minecraft:player_kills":1,"minecraft:crouch_one_cm":37443,"minecraft:mob_kills":93,"minecraft:interact_with_campfire":7,"minecraft:damage_dealt_resisted":320,"minecraft:climb_one_cm":147212,"minecraft:walk_one_cm":6064800,"minecraft:walk_under_water_one_cm":8130,"minecraft:boat_one_cm":1653672,"minecraft:damage_taken":6889,"minecraft:damage_absorbed":1590,"minecraft:trigger_trapped_chest":4},"minecraft:killed":{"minecraft:cave_spider":1,"apocalypsenow:runner_42":1,"minecraft:zombie":33,"apocalypsenow:walker_12":1,"minecraft:cow":1,"apocalypsenow:walker_18":1,"apocalypsenow:runner_53":2,"apocalypsenow:runner_38":1,"zombie_island:walker_4":2,"apocalypsenow:walker_4":2,"apocalypsenow:walker_27":1,"extinction:traveler":1,"apocalypsenow:runner_47":1,"apocalypsenow:runner_36":1,"zombie_island:shambler_2":1,"apocalypsenow:walker_31":1,"zombie_island:walker_2":2,"zombie_island:runner_1":3,"apocalypsenow:walker_29":2,"zombie_island:runner_3":5,"apocalypsenow:walker_26":1,"zombie_island:runner_4":5,"zombie_island:shambler_4":1,"zombie_island:runner_2":2,"apocalypsenow:walker_24":1,"apocalypsenow:looter_1":1,"apocalypsenow:runner_39":2,"apocalypsenow:walker_3":1,"zombie_island:walker_1":4,"zombie_island:walker_3":5,"extinction:stalker":1,"zombie_island:shambler_3":2,"apocalypsenow:walker_28":1,"minecraft:player":1,"minecraft:villager":1}},"DataVersion":3465}