{"stats":{"minecraft:killed_by":{"zombie_extreme:assasin_black_ops":1,"minecraft:zombie":7,"zombie_island:walker_1":1,"extinction:runner_ii":2,"extinction:soldier":2,"zombie_island:walker_2":1,"apocalypsenow:runner_50":2,"apocalypsenow:runner_41":1,"apocalypsenow:runner_37":1,"apocalypsenow:runner_48":1,"extinction:mercenary":1,"minecraft:player":4,"apocalypsenow:walker_16":1,"apocalypsenow:runner_53":2,"extinction:fallen_survivor":1,"apocalypsenow:runner_40":1},"minecraft:killed":{"apocalypsenow:runner_49":1,"extinction:soldier":1,"apocalypsenow:walker_11":1,"apocalypsenow:runner_54":1,"minecraft:zombie":9,"apocalypsenow:walker_12":3,"apocalypsenow:walker_13":3,"apocalypsenow:runner_55":1,"apocalypsenow:military_01":1,"apocalypsenow:walker_14":1,"zombie_extreme:runner":1,"zombie_island:walker_4":6,"apocalypsenow:walker_20":2,"apocalypsenow:runner_40":1,"apocalypsenow:walker_9":3,"apocalypsenow:walker_27":2,"extinction:traveler":3,"apocalypsenow:runner_47":2,"zombie_island:shambler_2":1,"zombie_island:walker_2":1,"zombie_island:runner_1":1,"zombie_island:runner_3":1,"apocalypsenow:walker_26":1,"apocalypsenow:walker_25":1,"zombie_island:runner_4":3,"apocalypsenow:walker_22":1,"zombie_island:shambler_4":2,"apocalypsenow:walker_23":2,"apocalypsenow:walker_7":1,"apocalypsenow:walker_5":1,"zombie_island:runner_2":6,"apocalypsenow:walker_6":1,"apocalypsenow:walker_19":1,"apocalypsenow:looter_1":2,"apocalypsenow:walker_1":2,"apocalypsenow:runner_39":2,"zombie_island:walker_1":4,"apocalypsenow:walker_15":1,"apocalypsenow:walker_10":4,"apocalypsenow:walker_8":1,"apocalypsenow:walker_30":1,"apocalypsenow:runner_52":3,"apocalypsenow:walker_21":4,"zombie_island:walker_3":4,"zombie_island:shambler_1":2,"extinction:fallen_survivor":3,"minecraft:player":11},"minecraft:broken":{"mekanismtools:stone_paxel":3,"minecraft:wooden_pickaxe":3,"minecraft:stone_axe":1,"apocalypsenow:serrated_machete":1,"minecraft:leather_boots":1,"create:sand_paper":1},"minecraft:used":{"create:deployer":8,"minecraft:spruce_slab":10,"minecraft:chest":34,"minecraft:stone":32,"minecraft:rotten_flesh":3,"create:fluid_tank":2,"minecraft:soul_sand":54,"create:mechanical_crafter":43,"create:depot":7,"minecraft:polished_blackstone_slab":1,"minecraft:lava_bucket":30,"minecraft:quartz_pillar":4,"minecraft:quartz_block":2,"create:rope_pulley":10,"create:andesite_funnel":12,"biomesoplenty:jacaranda_sapling":6,"apocalypsenow:military_communication_radio":1,"pfm:white_freezer":2,"create:rotation_speed_controller":5,"create:shaft":125,"minecraft:sweet_berries":11,"minecraft:furnace":1,"minecraft:oak_sapling":5,"extinction:pipe":142,"apocalypsenow:open_canned_pork":4,"minecraft:mossy_stone_bricks":1,"minecraft:diorite":10,"minecraft:wooden_pickaxe":178,"minecraft:composter":1,"minecraft:jungle_boat":2,"minecraft:oak_leaves":4,"create:spout":1,"minecraft:glow_berries":12,"horror_element_mod:blood_2":1,"pfm:working_table":1,"minecraft:birch_slab":7,"minecraft:polished_granite":5,"minecraft:wooden_sword":18,"create:basin":14,"minecraft:birch_log":22,"minecraft:oak_boat":2,"blocksyouneed_luna:shale_slab":56,"zombie_extreme:barbed_fence":25,"minecraft:oak_trapdoor":10,"minecraft:iron_bars":1,"minecraft:stone_sword":21,"minecraft:red_concrete":4,"pfm:spruce_herringbone_planks":8,"zombie_extreme:vodka":1,"minecraft:torch":67,"minecraft:brewing_stand":3,"zombie_extreme:bandage":2,"minecraft:polished_diorite":103,"zombiekit:canned_yellow_peach":1,"apocalypsenow:wooden_fire_axe":26,"create:wrench":922,"create:gearbox":16,"minecraft:spruce_button":2,"immersive_weathering:enchanted_golden_moss_clump":1,"apocalypsenow:open_canned_corn":1,"minecraft:barrel":2,"create:encased_chain_drive":17,"modernlife:jail_door":3,"minecraft:iron_trapdoor":2,"apocalypsenow:porpsi":1,"create:fluid_pipe":4,"minecraft:cobbled_deepslate":52,"create:belt_connector":57,"farmersdelight:potato_crate":1,"minecraft:water_bucket":49,"minecraft:birch_planks":1,"minecraft:smooth_sandstone_slab":39,"minecraft:waxed_oxidized_cut_copper":9,"mekanismtools:stone_paxel":786,"minecraft:cauldron":1,"create:furnace_minecart_contraption":37,"zombie_extreme:chips":1,"create:blaze_burner":4,"minecraft:mossy_cobblestone":2,"minecraft:rail":41,"create:encased_fan":14,"minecraft:crafting_table":9,"minecraft:campfire":3,"create:filter":3,"minecraft:spruce_log":2,"minecraft:oak_log":28,"apocalypsenow:radio":5,"minecraft:diamond_pickaxe":6,"minecraft:iron_pickaxe":71,"minecraft:cobblestone":62,"minecraft:dandelion":2,"minecraft:green_stained_glass":3,"extinction:chips":1,"minecraft:polished_deepslate":7,"create:piston_extension_pole":55,"blocksyouneed_luna:moonstone_uc":1,"minecraft:white_concrete_powder":11,"mekanism:basic_fluid_tank":11,"minecraft:nether_wart":46,"create:haunted_bell":11,"minecraft:bell":1,"minecraft:smooth_sandstone_stairs":1,"minecraft:green_terracotta":7,"create:cogwheel":70,"minecraft:jungle_planks":27,"minecraft:carrot":2,"minecraft:furnace_minecart":3,"create:mechanical_roller":12,"farmersdelight:sweet_berry_cookie":269,"minecraft:glass":31,"minecraft:cyan_terracotta":1,"minecraft:bricks":4,"minecraft:green_wool":15,"apocalypsenow:combat_survival_knife":5,"create:millstone":3,"minecraft:stone_bricks":19,"farmersdelight:cutting_board":1,"create:mechanical_piston":10,"create:mechanical_drill":20,"minecraft:skeleton_skull":1,"apocalypsenow:cooked_human_flesh":3,"minecraft:end_rod":1,"create:crushing_wheel":13,"minecraft:stone_pickaxe":337,"minecraft:oak_planks":26,"apocalypsenow:open_canned_chili":1,"minecraft:shears":4,"minecraft:redstone_torch":16,"apocalypsenow:wine":1,"minecraft:lever":9,"minecraft:string":5,"minecraft:bread":34,"minecraft:melon_slice":4,"minecraft:iron_door":4,"create:andesite_casing":5,"minecraft:gravel":10,"minecraft:grindstone":2,"minecraft:andesite":12,"minecraft:smooth_stone_slab":7,"zombiekit:rake":28,"create:vertical_gearbox":41,"create:large_cogwheel":38,"minecraft:oak_fence":1,"minecraft:flint_and_steel":28,"minecraft:stone_shovel":112,"minecraft:redstone":3,"pfm:birch_herringbone_planks":6,"tacz:gun_smith_table":1,"minecraft:spruce_planks":12,"minecraft:wooden_shovel":8,"create:mechanical_pump":6,"minecraft:dirt":121,"create:mechanical_mixer":11,"minecraft:hopper":21,"create:mechanical_plough":2,"minecraft:granite":1,"minecraft:andesite_wall":1,"minecraft:wooden_axe":77,"minecraft:smooth_sandstone":5,"apocalypsenow:serrated_machete":101,"create:cart_assembler":3,"immersive_weathering:weeds":1,"extinction:rusty_axe":94,"minecraft:minecart":2,"zombie_extreme:soda":1,"apocalypsenow:open_canned_beans":4,"extinction:tactical_tomahawk":73,"biomesoplenty:burning_blossom":3,"minecraft:light_gray_bed":7,"create:gearshift":4,"minecraft:glass_bottle":2,"minecraft:baked_potato":2,"apocalypsenow:radio_dropbox":14,"create:brass_funnel":21,"create:mechanical_harvester":6,"create:linear_chassis":12,"minecraft:apple":12,"create:mechanical_press":15,"create:windmill_bearing":1,"apocalypsenow:open_canned_strawberry":1,"zombie_extreme:syringe_drug":1,"refurbished_furniture:light_electricity_generator":1,"create:large_water_wheel":11,"minecraft:stone_axe":123,"modernlife:trash_can":4,"apocalypsenow:open_canned_tomatos":2,"minecraft:bucket":89,"create:hand_crank":26,"minecraft:wither_rose":1,"minecraft:smooth_stone":11},"minecraft:mined":{"create:andesite_casing":2,"biomesoplenty:burning_blossom":2,"minecraft:granite":49,"minecraft:stone_brick_wall":3,"minecraft:crimson_trapdoor":2,"minecraft:light_gray_bed":4,"minecraft:hopper":9,"minecraft:nether_wart":1,"minecraft:spawner":6,"minecraft:tall_seagrass":3,"projectvibrantjourneys:reeds":3,"modernlife:jail_door":2,"minecraft:cobbled_deepslate":4,"zombie_extreme:decomposing_backpack":2,"immersive_weathering:mossy_stone":1,"minecraft:barrel":2,"minecraft:fire":11,"minecraft:sculk_shrieker":1,"minecraft:cave_vines":2,"minecraft:dirt_path":2,"minecraft:smooth_sandstone_stairs":1,"zombie_extreme:birdsnest":1,"create:mechanical_press":3,"minecraft:tripwire":5,"immersive_weathering:oak_leaf_pile":16,"create:cogwheel":3,"minecraft:kelp_plant":10,"minecraft:smoker":1,"minecraft:soul_fire":7,"mekanism:block_salt":2,"immersive_weathering:exposed_iron_bars":1,"minecraft:torch":3,"minecraft:blast_furnace":1,"minecraft:polished_andesite_stairs":1,"minecraft:melon":4,"minecraft:polished_diorite_slab":2,"minecraft:glass":3,"minecraft:bricks":6,"minecraft:smooth_sandstone_slab":26,"projectvibrantjourneys:light_brown_bark_mushroom":1,"minecraft:wither_rose":1,"minecraft:grass":38,"projectvibrantjourneys:short_grass":9,"horror_element_mod:dead_cow":1,"minecraft:stonecutter":1,"minecraft:deepslate":51,"create:zinc_ore":16,"minecraft:mossy_cobblestone":2,"minecraft:cyan_stained_glass":1,"immersive_weathering:birch_leaf_pile":2,"blocksyouneed_luna:shale":7,"minecraft:jungle_planks":4,"minecraft:redstone_wire":3,"minecraft:moss_block":1,"minecraft:kelp":1,"minecraft:white_concrete_powder":3,"minecraft:waxed_oxidized_cut_copper":10,"minecraft:andesite":174,"minecraft:green_terracotta":6,"horror_element_mod:scientist_body":2,"minecraft:vine":4,"minecraft:rail":105,"immersive_weathering:silt":4,"minecraft:green_wool":7,"minecraft:smithing_table":1,"minecraft:birch_stairs":2,"minecraft:redstone_block":1,"minecraft:soul_sand":6,"minecraft:lily_of_the_valley":2,"minecraft:observer":1,"minecraft:smooth_sandstone":12,"minecraft:campfire":3,"minecraft:tall_grass":1,"minecraft:copper_ore":20,"minecraft:diorite":1,"minecraft:quartz_pillar":8,"minecraft:mycelium":1,"horror_element_mod:hospital_bed":1,"minecraft:gravel":15,"minecraft:cobweb":2,"minecraft:stone_bricks":23,"create:andesite_funnel":1,"minecraft:iron_trapdoor":3,"minecraft:fern":2,"minecraft:spruce_planks":9,"immersive_weathering:acacia_leaf_pile":23,"minecraft:brewing_stand":2,"minecraft:cave_vines_plant":2,"minecraft:grass_block":107,"minecraft:white_concrete":8,"zombie_extreme:shelf":1,"apocalypsenow:dropboxcommon":2,"minecraft:polished_diorite":60,"minecraft:smooth_stone":20,"minecraft:iron_ore":3,"minecraft:black_carpet":15,"minecraft:green_stained_glass":3,"minecraft:skeleton_wall_skull":1,"immersive_weathering:loam":5,"minecraft:iron_bars":13,"minecraft:spruce_slab":1,"projectvibrantjourneys:cattail":1,"horror_element_mod:dead_experiment":2,"apocalypsenow:medicalairdropbox":1,"minecraft:quartz_block":13,"minecraft:cyan_terracotta":1,"minecraft:clay":2,"minecraft:poppy":1,"minecraft:chest":19,"immersive_weathering:weathered_iron_bars":1,"zombie_extreme:barbed_fence":19,"create:brass_casing":7,"minecraft:cobblestone":25,"minecraft:grindstone":2,"minecraft:oak_planks":8,"minecraft:iron_door":3,"minecraft:wall_torch":6,"minecraft:cauldron":1,"minecraft:seagrass":3,"minecraft:dark_oak_door":1,"minecraft:smooth_stone_slab":5,"mekanism:deepslate_tin_ore":1,"minecraft:sand":2,"minecraft:dirt":126,"immersive_weathering:weeds":1,"minecraft:dispenser":2,"minecraft:oak_leaves":24,"minecraft:daylight_detector":1,"minecraft:redstone_lamp":1,"minecraft:tuff":1,"minecraft:quartz_stairs":1,"mekanism:deepslate_osmium_ore":2,"minecraft:lever":5,"minecraft:ladder":1,"minecraft:stone_button":1,"create:large_cogwheel":1,"blocksyouneed_luna:moonstone_uc":1,"horror_element_mod:blood_2":1,"minecraft:birch_slab":3,"minecraft:large_fern":1,"minecraft:oak_trapdoor":8,"minecraft:furnace":1,"zombie_extreme:spotlight":1,"treechop:chopped_log":9,"mekanism:basic_fluid_tank":5,"minecraft:bell":1,"minecraft:polished_deepslate":8,"zombie_extreme:oil_shale_sand":1,"minecraft:deepslate_iron_ore":1,"minecraft:stone":244,"minecraft:redstone_wall_torch":4,"pfm:white_freezer":1,"minecraft:flowering_azalea":2,"pfm:birch_herringbone_planks":1,"minecraft:polished_granite":5,"minecraft:crafting_table":2,"create:haunted_bell":10,"minecraft:andesite_wall":2,"minecraft:lily_pad":4,"minecraft:red_concrete":4,"modernlife:trash_can":4,"minecraft:birch_planks":1,"minecraft:redstone_torch":7,"minecraft:coal_ore":42,"create:mechanical_crafter":1,"minecraft:mossy_stone_bricks":1,"immersive_weathering:rusted_iron_trapdoor":2},"minecraft:crafted":{"mekanism:ingot_osmium":11,"minecraft:birch_slab":6,"minecraft:polished_blackstone_slab":6,"minecraft:lever":4,"mekanismgenerators:heat_generator":1,"create:vertical_gearbox":11,"create:rotation_speed_controller":2,"create:andesite_funnel":2,"create:mechanical_press":1,"minecraft:melon_seeds":14,"minecraft:polished_blackstone":4,"zombiekit:rake":1,"create:brass_funnel":4,"minecraft:black_wool":8,"create:cogwheel":52,"apocalypsenow:sledgehammerr":1,"apocalypsenow:handlegripp":1,"create:mechanical_plough":1,"minecraft:furnace_minecart":1,"minecraft:glass_bottle":39,"minecraft:wooden_shovel":1,"create:rose_quartz":14,"minecraft:emerald":20,"minecraft:jungle_boat":2,"minecraft:clock":1,"minecraft:copper_ingot":4,"minecraft:green_stained_glass":8,"minecraft:campfire":3,"create:encased_chain_drive":9,"create:mechanical_mixer":1,"minecraft:blaze_rod":4,"create:gearbox":15,"pfm:working_table":1,"create:encased_fan":1,"apocalypsenow:military_communication_radio":1,"minecraft:iron_pickaxe":2,"minecraft:iron_block":4,"legendarysurvivaloverhaul:purified_water_bottle":2,"minecraft:gold_ingot":74,"create:large_cogwheel":13,"createdieselgenerators:diesel_engine":1,"create:propeller":1,"minecraft:composter":1,"minecraft:stone_shovel":11,"zombie_extreme:bandage":2,"create:wrench":2,"minecraft:iron_nugget":379,"blocksyouneed_luna:shale":36,"blocksyouneed_luna:shale_slab":72,"pfm:furniture_book":1,"minecraft:netherrack":4,"minecraft:polished_diorite":60,"minecraft:spruce_slab":42,"minecraft:stone_pickaxe":11,"create:electron_tube":14,"apocalypsenow:open_canned_corn":1,"create:belt_connector":6,"apocalypsenow:open_canned_tomatos":2,"create:mechanical_roller":4,"create:windmill_bearing":1,"legendarysurvivaloverhaul:bandage":1,"minecraft:wheat":92,"create:mechanical_piston":1,"minecraft:dried_kelp":24,"apocalypsenow:open_canned_beans":4,"apocalypsenow:textilethread":2,"create:goggles":1,"apocalypsenow:ducttape":1,"tacz:gun_smith_table":1,"sophisticatedbackpacks:gold_backpack":1,"minecraft:glowstone":2,"minecraft:orange_dye":2,"apocalypsenow:ironhandlegripp":1,"create:peculiar_bell":1,"apocalypsenow:cooked_human_flesh":3,"create:blaze_burner":1,"minecraft:wooden_axe":1,"create:shaft":104,"minecraft:soul_sand":2,"minecraft:oak_planks":195,"minecraft:barrel":2,"minecraft:stone":1,"create:mechanical_harvester":3,"modernlife:trash_can":1,"create:deployer":1,"minecraft:hopper":2,"create:rope_pulley":1,"create:cart_assembler":1,"minecraft:chest":10,"create:spout":1,"minecraft:oak_button":4,"mekanism:basic_fluid_tank":3,"minecraft:rail":16,"create:brass_hand":1,"refurbished_furniture:light_electricity_generator":1,"minecraft:magma_block":4,"create:depot":1,"minecraft:oak_slab":12,"sophisticatedbackpacks:backpack":1,"minecraft:crafting_table":14,"minecraft:spruce_planks":55,"create:fluid_pipe":4,"minecraft:wooden_pickaxe":2,"create:piston_extension_pole":16,"create:zinc_nugget":9,"createdieselgenerators:engine_piston":2,"create:sand_paper":2,"minecraft:birch_planks":95,"create:gearshift":1,"minecraft:brewing_stand":1,"createdieselgenerators:oil_scanner":1,"mekanismtools:stone_paxel":10,"apocalypsenow:open_canned_strawberry":1,"farmersdelight:cutting_board":1,"create:water_wheel":11,"minecraft:yellow_dye":1,"modernlife:tire":2,"minecraft:paper":3,"minecraft:charcoal":3,"minecraft:diamond_pickaxe":1,"create:super_glue":2,"minecraft:stick":22,"create:mechanical_pump":1,"minecraft:iron_ingot":117,"minecraft:stone_sword":1,"modernlife:bicycle_item":1,"minecraft:shears":1,"apocalypsenow:open_canned_chili":1,"create:empty_blaze_burner":1,"minecraft:wooden_sword":2,"minecraft:redstone":23,"legendarysurvivaloverhaul:plaster":3,"minecraft:furnace":2,"minecraft:stone_button":4,"minecraft:oak_trapdoor":4,"minecraft:white_concrete_powder":8,"pfm:spruce_herringbone_planks":8,"create:millstone":1,"create:fluid_tank":2,"pfm:white_freezer":1,"create:basin":1,"create:filter":1,"minecraft:minecart":2,"sophisticatedbackpacks:iron_backpack":1,"minecraft:red_dye":2,"create:hand_crank":2,"create:andesite_alloy":220,"apocalypsenow:open_canned_pork":4,"create:large_water_wheel":11,"minecraft:bucket":2,"minecraft:stone_axe":10,"minecraft:air":407,"farmersdelight:sweet_berry_cookie":288,"minecraft:bread":29,"minecraft:jungle_planks":116,"create:raw_zinc_block":1,"blocksyouneed_luna:brass_block":2,"minecraft:oak_boat":1,"create:whisk":1,"legendarysurvivaloverhaul:large_canteen":5,"minecraft:white_dye":1,"create:linear_chassis":9,"create:mechanical_crafter":21,"apocalypsenow:copperwire":9,"create:mechanical_drill":9,"minecraft:torch":24,"minecraft:blackstone_slab":6,"create:zinc_ingot":8,"minecraft:lapis_lazuli":2},"minecraft:picked_up":{"minecraft:flower_pot":18,"minecraft:smithing_table":1,"minecraft:stone_slab":3,"create:wrench":3,"minecraft:wither_rose":1,"minecraft:enchanted_book":1,"minecraft:brewing_stand":2,"zombie_extreme:decomposing_backpack":3,"minecraft:polished_deepslate":25,"minecraft:string":42,"immersive_weathering:weathered_iron_bars":1,"immersive_weathering:rusted_iron_trapdoor":2,"modernlife:jail_door":3,"minecraft:gold_nugget":522,"minecraft:cobbled_deepslate":641,"minecraft:spruce_planks":7,"minecraft:melon_slice":49,"minecraft:dark_oak_door":1,"farmersdelight:potato_crate":1,"marbledsarsenal:hazmat_armor_helmet":3,"minecraft:acacia_log":8,"create:andesite_casing":2,"minecraft:cut_copper_stairs":4,"apocalypsenow:glassbottle":6,"minecraft:green_terracotta":7,"mekanism:raw_tin":1,"minecraft:cauldron":4,"immersive_weathering:oak_bark":25,"minecraft:stone_sword":2,"apocalypsenow:porpsi":1,"minecraft:light_gray_bed":7,"zombiesmore:flammable_bone":1,"farmersdelight:onion":2,"extinction:rusty_axe":5,"zombiekit:forest_riot_chestplate":2,"zombie_extreme:rotten_apple":1,"minecraft:cyan_terracotta":1,"lrarmor:scout_chestplate":4,"projectvibrantjourneys:cattail":2,"minecraft:end_rod":4,"mekanism:basic_fluid_tank":8,"minecraft:iron_bars":118,"minecraft:birch_log":51,"minecraft:furnace_minecart":2,"minecraft:polished_diorite_slab":2,"minecraft:iron_door":5,"minecraft:birch_slab":5,"minecraft:water_bucket":5,"minecraft:jungle_log":19,"create:rope_pulley":1,"apocalypsenow:pain_killers":5,"minecraft:smoker":1,"immersive_weathering:silt":4,"minecraft:flint":1034,"lrarmor:fbi_armed_chestplate":1,"create:cinder_flour":20,"zombiekit:rake":3,"immersive_weathering:weeds":1,"minecraft:stonecutter":1,"apocalypsenow:human_flesh":43,"create:goggles":2,"create:shaft":10,"minecraft:moss_block":1,"immersive_weathering:tallow":2,"zombie_extreme:canned_beans":1,"apocalypsenow:cellphone":1,"apocalypsenow:toiletpaper":3,"legendarysurvivaloverhaul:purified_water_bottle":5,"mekanismtools:stone_paxel":16,"minecraft:ink_sac":3,"apocalypsenow:canned_strawberry":1,"minecraft:barrel":2,"minecraft:dispenser":2,"apocalypsenow:files":14,"minecraft:lever":17,"minecraft:granite":66,"minecraft:spruce_button":5,"minecraft:bread":2,"minecraft:bricks":5,"create:copper_sheet":6,"minecraft:crafting_table":2,"blocksyouneed_luna:moonstone_uc":1,"apocalypsenow:cigarette":3,"minecraft:nether_wart":4,"minecraft:clay_ball":11,"minecraft:redstone_lamp":1,"minecraft:crimson_trapdoor":4,"immersive_weathering:birch_bark":21,"create:propeller":1,"apocalypsenow:syringe":1,"minecraft:red_bed":1,"minecraft:flint_and_steel":6,"tacz:ammo":416,"minecraft:compass":1,"lrarmor:joker_helmet":1,"minecraft:cracked_stone_bricks":1,"extinction:chips":1,"apocalypsenow:serrated_machete":1,"create:haunted_bell":12,"minecraft:iron_nugget":267,"minecraft:poppy":5,"minecraft:spruce_slab":1,"minecraft:minecart":2,"minecraft:quartz_stairs":1,"minecraft:chest":20,"minecraft:egg":5,"minecraft:stone":70,"apocalypsenow:broken_radio":1,"create:crushed_raw_zinc":17,"extinction:pipe":5,"minecraft:spruce_fence":1,"zombie_extreme:dog_food":2,"minecraft:redstone":7,"create:brass_casing":7,"minecraft:stone_shovel":3,"apocalypsenow:scrapmetal":30,"minecraft:hay_block":1,"minecraft:gold_ingot":12,"blocksyouneed_luna:shale_chunk":28,"minecraft:glow_berries":9,"minecraft:rail":114,"biomesoplenty:orange_sand":3,"zombie_extreme:frying_pan":2,"apocalypsenow:pack_of_canned_food":1,"create:iron_sheet":39,"create:brass_sheet":6,"minecraft:filled_map":1,"minecraft:oak_log":54,"minecraft:lily_pad":27,"minecraft:jungle_button":6,"minecraft:paper":9,"apocalypsenow:watch":1,"apocalypsenow:cooked_human_flesh":1,"create:crushing_wheel":8,"modernlife:bicycle_item":11,"create:crushed_raw_iron":16,"minecraft:stone_bricks":28,"minecraft:apple":4,"minecraft:kelp":88,"apocalypsenow:money":5,"zombie_extreme:barbed_fence":12,"minecraft:stone_pickaxe":7,"minecraft:cobweb":6,"minecraft:glass_bottle":3,"zombie_extreme:spotlight":1,"minecraft:flowering_azalea":2,"minecraft:polished_andesite_stairs":3,"minecraft:sweet_berries":56,"minecraft:daylight_detector":6,"minecraft:gravel":1031,"minecraft:birch_stairs":2,"minecraft:spruce_sapling":1,"minecraft:stone_axe":6,"minecraft:polished_diorite":61,"tacz:modern_kinetic_gun":16,"create:rose_quartz":4,"minecraft:baked_potato":1,"minecraft:hopper":9,"minecraft:wheat":66,"biomesoplenty:burning_blossom":3,"minecraft:black_carpet":15,"minecraft:redstone_block":3,"minecraft:iron_trapdoor":6,"create:mechanical_crafter":1,"apocalypsenow:coins":31,"minecraft:nether_brick":9,"zombie_extreme:baseball_bat":1,"pfm:white_freezer":1,"minecraft:raw_copper":99,"minecraft:smooth_stone_slab":7,"extinction:fabric":1,"horror_element_mod:blood_3":1,"apocalypsenow:alcohol":4,"create:andesite_funnel":1,"minecraft:red_sand":2021,"create:mechanical_press":4,"minecraft:smooth_stone":39,"minecraft:bucket":1,"minecraft:redstone_torch":16,"minecraft:iron_pickaxe":1,"zombie_extreme:oil_shale":2,"minecraft:iron_boots":4,"minecraft:furnace":1,"minecraft:stick":94,"apocalypsenow:electrical_scrap":1,"extinction:canned_soup":1,"minecraft:torch":462,"tacz:attachment":3,"zombie_extreme:combat_armor_leggings":1,"apocalypsenow:black_face_mask":1,"lrarmor:atf_chestplate":1,"minecraft:pointed_dripstone":1,"minecraft:diorite":1,"zombie_extreme:radio_installation":2,"apocalypsenow:combat_survival_knife":1,"zombie_island:scrap":1,"zombie_extreme:soda":2,"create:large_cogwheel":9,"minecraft:andesite_wall":3,"minecraft:quartz_block":29,"zombie_island:electronics":1,"minecraft:rotten_flesh":167,"minecraft:green_wool":7,"apocalypsenow:wine":1,"minecraft:blaze_powder":2,"minecraft:cobblestone":1956,"zombiekit:standard_tactical_leggings":2,"minecraft:andesite":226,"legendarysurvivaloverhaul:large_canteen":4,"create:belt_connector":2,"create:raw_zinc":16,"blocksyouneed_luna:sodalite_metal_crossform":3,"minecraft:skull_banner_pattern":3,"minecraft:tuff":2,"minecraft:smooth_sandstone_stairs":1,"projectvibrantjourneys:rocks":1,"zombiekit:skiing_chestplate":1,"zombie_extreme:crowbar":1,"minecraft:dirt":272,"apocalypsenow:wooden_fire_axe":1,"minecraft:polished_granite":5,"minecraft:leather_boots":1,"minecraft:bone":11,"minecraft:wheat_seeds":22,"farmersdelight:sweet_berry_cookie":107,"apocalypsenow:chlorine_dioxed":1,"minecraft:bell":1,"minecraft:grindstone":2,"zombie_extreme:shelf":1,"apocalypsenow:pack_of_canned_pork":1,"minecraft:mossy_stone_bricks":1,"minecraft:bamboo":35,"minecraft:oak_planks":87,"zombiekit:standard_tactical_boots":1,"zombie_extreme:night_vision_glasses_helmet":1,"create:cogwheel":10,"marbledsarsenal:riot_armor_helmet":1,"minecraft:jungle_planks":43,"minecraft:sand":66,"minecraft:dead_bush":81,"minecraft:lily_of_the_valley":2,"minecraft:mossy_cobblestone":4,"minecraft:sugar":9,"horror_element_mod:blood_2":1,"minecraft:diamond":5,"create:filter":3,"minecraft:polished_blackstone_button":4,"minecraft:bone_meal":1,"minecraft:white_concrete":9,"minecraft:emerald":6,"pfm:furniture_book":1,"minecraft:oak_sapling":10,"minecraft:netherrack":5,"marbledsarsenal:riot_armor_boots":4,"minecraft:oak_leaves":4,"minecraft:charcoal":20,"minecraft:waxed_oxidized_cut_copper":9,"minecraft:allium":2,"apocalypsenow:comic_book":6,"minecraft:azure_bluet":1,"minecraft:ladder":15,"apocalypsenow:blue_football_armor_helmet":1,"minecraft:stone_brick_wall":5,"pfm:birch_herringbone_planks":1,"minecraft:brick":6,"minecraft:oak_trapdoor":8,"extinction:riot_shieldii":4,"minecraft:stone_stairs":2,"minecraft:wooden_sword":1,"projectvibrantjourneys:reeds":4,"minecraft:blackstone":7,"apocalypsenow:canned_beans":69,"minecraft:oak_boat":1,"apocalypsenow:can":2,"minecraft:observer":1,"minecraft:sugar_cane":4,"legendarysurvivaloverhaul:healing_herbs":26,"minecraft:raw_iron":4,"minecraft:orange_dye":1,"create:golden_sheet":9,"minecraft:copper_ingot":77,"minecraft:quartz_pillar":5,"minecraft:cookie":3,"create:hand_crank":7,"zombie_extreme:ignot_aluminum":1,"create:zinc_ingot":21,"minecraft:smooth_sandstone_slab":41,"extinction:tactical_tomahawk":4,"create:experience_nugget":23,"apocalypsenow:facemask":1,"zombie_extreme:bandage":3,"legendarysurvivaloverhaul:bandage":1,"minecraft:saddle":1,"zombiesmore:dynamite":1,"zombie_island:caustic_x_bucket":1,"zombie_extreme:butcher_knife":2,"minecraft:skeleton_skull":1,"extinction:bottle_water":11,"immersive_weathering:spruce_bark":2,"minecraft:leather":4,"mcrowners_flashlight:battery":2,"immersive_weathering:enchanted_golden_moss_clump":1,"minecraft:birch_planks":9,"zombiekit:crowbar":1,"minecraft:crimson_fungus":2,"create:andesite_alloy":23,"lrarmor:fbi_chestplate":1,"minecraft:gunpowder":13,"minecraft:cut_copper_slab":7,"mekanism:salt":8,"minecraft:smooth_sandstone":18,"minecraft:iron_ingot":103,"zombie_extreme:cloth":5,"modernlife:trash_can":3,"minecraft:acacia_sapling":1,"minecraft:soul_sand":5,"lrarmor:chemical_protective_boots":2,"minecraft:book":4,"projectvibrantjourneys:light_brown_bark_mushroom":1,"minecraft:oak_slab":16,"minecraft:quartz":44,"minecraft:dandelion":7,"minecraft:lava_bucket":2,"apocalypsenow:homemadeantibiotics":11,"minecraft:blast_furnace":1,"mekanism:raw_osmium":2,"extinction:axe_1":1,"minecraft:white_concrete_powder":3,"create:brass_ingot":1,"minecraft:red_concrete":8,"minecraft:coal":76},"minecraft:dropped":{"minecraft:cut_copper_slab":7,"create:cogwheel":2,"minecraft:stone_button":3,"blocksyouneed_luna:sodalite_metal_crossform":3,"minecraft:gold_nugget":1,"minecraft:sand":2,"minecraft:sugar":8,"minecraft:iron_pickaxe":1,"minecraft:sugar_cane":5,"minecraft:cobbled_deepslate":385,"minecraft:rotten_flesh":13,"create:peculiar_bell":1,"minecraft:charcoal":8,"horror_element_mod:blood_3":1,"create:wrench":2,"minecraft:ladder":3,"immersive_weathering:tallow":2,"minecraft:egg":8,"minecraft:iron_ingot":104,"minecraft:wheat_seeds":11,"minecraft:cobblestone":464,"minecraft:granite":1509,"mekanismtools:stone_paxel":8,"minecraft:end_rod":3,"minecraft:lava_bucket":2,"zombie_extreme:barbed_fence":11,"minecraft:smooth_sandstone_slab":4,"zombie_extreme:metal_fence":9,"minecraft:smooth_sandstone":2,"minecraft:string":1,"create:raw_zinc":9,"modernlife:jail_bars":8,"minecraft:cut_copper_stairs":4,"apocalypsenow:black_face_mask":1,"extinction:bottle_water":3,"minecraft:hay_block":1,"minecraft:stone":35,"create:zinc_ingot":36,"minecraft:diamond_pickaxe":1,"tacz:ammo":208,"minecraft:red_sand":1904,"create:super_glue":1,"minecraft:flint":384,"zombiekit:rake":2,"minecraft:crimson_trapdoor":2,"farmersdelight:sweet_berry_cookie":26,"apocalypsenow:chlorine_dioxed":1,"minecraft:gold_ingot":12,"minecraft:gravel":677,"minecraft:pointed_dripstone":1,"apocalypsenow:radio_dropbox":2,"zombie_island:caustic_x_bucket":1,"minecraft:stone_brick_wall":1,"create:brass_ingot":7,"minecraft:iron_bars":180,"immersive_weathering:exposed_iron_bars":64,"minecraft:netherrack":49,"minecraft:water_bucket":1,"minecraft:oak_slab":9,"modernlife:jail_door":11,"minecraft:copper_ingot":123,"create:cinder_flour":111,"create:raw_zinc_block":1,"tacz:modern_kinetic_gun":7,"modernlife:bicycle_item":2,"minecraft:bucket":1,"minecraft:dandelion":1,"minecraft:redstone":34,"minecraft:kelp":1,"minecraft:raw_copper":46,"minecraft:raw_iron":16,"legendarysurvivaloverhaul:large_canteen":4,"minecraft:flint_and_steel":1,"blocksyouneed_luna:shale_chunk":4},"minecraft:custom":{"minecraft:interact_with_crafting_table":429,"minecraft:open_barrel":606,"minecraft:bell_ring":27,"minecraft:leave_game":42,"minecraft:time_since_death":253832,"minecraft:deaths":45,"minecraft:play_time":2834853,"minecraft:jump":9198,"minecraft:interact_with_furnace":68,"minecraft:traded_with_villager":31,"minecraft:sleep_in_bed":68,"minecraft:damage_dealt":40330,"minecraft:interact_with_smoker":1,"minecraft:use_cauldron":9,"minecraft:inspect_dispenser":1,"minecraft:interact_with_anvil":1,"minecraft:inspect_hopper":10,"minecraft:sneak_time":51056,"minecraft:interact_with_blast_furnace":12,"minecraft:total_world_time":2834853,"minecraft:time_since_rest":64441,"minecraft:fly_one_cm":649474,"minecraft:swim_one_cm":25044,"minecraft:freezer_opened":22,"minecraft:open_chest":2140,"minecraft:fall_one_cm":112203,"minecraft:open_shulker_box":78,"minecraft:damage_resisted":48,"minecraft:sprint_one_cm":2290322,"minecraft:drop":638,"minecraft:talked_to_villager":38,"minecraft:interact_with_brewingstand":2,"minecraft:walk_on_water_one_cm":113657,"minecraft:open_enderchest":11,"minecraft:player_kills":10,"minecraft:crouch_one_cm":62192,"minecraft:mob_kills":104,"minecraft:fill_cauldron":2,"minecraft:damage_dealt_resisted":137,"minecraft:climb_one_cm":188925,"minecraft:walk_one_cm":7457155,"minecraft:walk_under_water_one_cm":59772,"minecraft:boat_one_cm":901326,"minecraft:interact_with_grindstone":1,"minecraft:damage_taken":20012766,"minecraft:damage_absorbed":3314}},"DataVersion":3465}